tipo_servico,canal_atendimento,faixa_etaria,tempo_espera,qualidade_percebida,preco_pago,atendimento_resolutivo,nps,tempo_resposta,isc
Intermediário,Telefone,26-35,"3,736380587","8,43922999","69,5023164",Sim,"9,147720663","2,423579217","61,65699228"
Básico,Presencial,51+,"10,00197234",10,"76,85151946",Sim,"4,317293738","2,990571694","48,98127783"
Básico,Telefone,36-50,"14,64158742","6,327451315","46,39094692",Sim,"7,118762214","2,183402259","42,71407099"
Premium,Telefone,36-50,"15,15167926","8,58274626","72,33233854",Não,"7,484347946","3,481049146","48,68741733"
Premium,E-mail,18-25,"15,16017515","5,226670323","40,13601188",Sim,"7,978081278","2,735962641","48,49573957"
Intermediário,Telefone,36-50,"8,959587866","6,873336265","49,91168735",Sim,"6,264147692","2,769777441","46,77891258"
Básico,Chat,26-35,"10,28910102","5,188087435","40,34395624",Sim,"6,817282067","4,40370557","51,27551028"
Premium,Chat,51+,"12,2940339","8,92733925","67,14168804",Sim,"4,549920818","4,479103423","55,6010921"
Básico,Telefone,26-35,"14,05250168","6,317355876","40,59606923",Sim,"8,380998775","2,301255035","38,86958868"
Básico,E-mail,18-25,"4,985970979","6,334632652","55,64283889",Sim,"5,320722233","3,860911662","49,36239876"
Premium,Telefone,36-50,"11,91224331","6,447134162","51,09155531",Não,"4,450432089","3,490106712","41,40810661"
Básico,Chat,36-50,"12,89730919","8,72682578","63,22059119",Sim,"5,765767221","3,740470852","54,71771369"
Básico,E-mail,18-25,"16,08723764","3,972319695","28,78631015",Não,"4,985054192","3,62904053","22,38555723"
Básico,Telefone,36-50,"8,320801594","8,162937335","69,51397484",Sim,"8,658657735","2,405170442","56,49002771"
Intermediário,Telefone,26-35,"17,27380298","5,659700109","44,07818501",Sim,"5,210151654","3,002091554","34,81597251"
Premium,Chat,26-35,"7,019249382","6,673285222","63,97048208",Sim,10,"2,343791665","58,01134687"
Intermediário,Chat,26-35,"8,422858732","6,700332874","52,74487767",Não,"6,166376086","2,694287288","49,46129505"
Intermediário,E-mail,18-25,"17,17787015","8,694609065","73,61669889",Sim,"8,353922791","2,496334958","53,64402727"
Intermediário,Chat,51+,"11,81196875","6,593994869","59,31196262",Sim,"5,363696504","2,84937004","48,4103172"
Premium,E-mail,36-50,"7,501948213","8,390634036","50,87631655",Sim,"6,950180161","3,800940558","51,6964882"
Premium,Chat,18-25,"8,636231584","6,772902449","58,94642695",Sim,"8,763971811","1,813282152","57,00156045"
Básico,Presencial,18-25,"10,21112656","6,926406568","50,16555302",Sim,"9,260963071","3,430636364","43,12923061"
Básico,Presencial,18-25,"10,01739724","6,1527043","44,90669607",Sim,"6,034393172","3,216747094","45,42282923"
Premium,Presencial,18-25,"7,109444389","7,736527774","62,96323677",Sim,"3,298713345","3,961292346","50,16112794"
Básico,Telefone,18-25,"14,98147794","8,262901514","71,40708924",Não,"5,903261646","1,44343569","45,73152598"
Básico,Telefone,26-35,"13,30181606","7,148009157","48,45429972",Sim,"5,948751833","3,544843926","43,00918707"
Básico,Telefone,36-50,"4,698197045","6,68573229","59,35327099",Não,"6,439348854","3,327768822","51,68896894"
Básico,Chat,51+,"9,497560994","5,567671338","37,74728973",Não,"8,678692041","2,511190767","48,15367099"
Intermediário,Telefone,18-25,"6,198438782","4,156359039","27,53180981",Sim,"4,48915648","3,124061213","42,77012249"
Intermediário,Presencial,51+,"6,800801037","6,47819754","57,3345205",Sim,"3,23492749","2,62606188","53,48134383"
Premium,E-mail,26-35,"10,83407924","5,232584433","39,05869736",Sim,"8,04708489","4,669646748","44,63098688"
Premium,Chat,26-35,"7,30023032","8,704686016","73,5742867",Sim,"6,443583355","3,304418251","61,22092925"
Básico,Presencial,51+,"6,890517118","5,07972083","45,56558211",Sim,"7,21252218","2,870338749","50,23011604"
Básico,E-mail,18-25,"8,238859892","8,846153506","76,38715741",Sim,"3,846013767","2,938594395","52,14205141"
Intermediário,Presencial,18-25,"16,80521224","8,506110975","66,40750552",Sim,"5,090925008","2,395816294","53,30748811"
Básico,E-mail,36-50,"17,97302046","6,05741574","50,24619635",Não,"6,059562947","3,269262248","29,7536373"
Básico,Chat,18-25,"12,53215642","4,745609706","37,98847448",Sim,10,"2,031416867","41,6652588"
Intermediário,E-mail,18-25,"7,626443556","6,118161486","52,93179421",Sim,"9,960949899","3,190657518","49,91027268"
Intermediário,Presencial,51+,"7,018791854","8,594018073","68,00768715",Sim,"6,571627098","1,134026739","65,59261139"
Intermediário,E-mail,51+,"8,400208199","6,680961224","63,13203273",Não,"8,629859844","2,708858119","53,01022997"
Intermediário,E-mail,36-50,"6,67796377","5,401336846","51,36731577",Sim,"5,364436604","4,105309777","54,80231571"
Básico,E-mail,18-25,"12,41352814","5,180257571","47,27549987",Sim,"5,745117497","2,591651189","48,68657692"
Básico,Chat,18-25,"8,243344418","8,899439835","77,3579388",Sim,"6,321611447","3,66964531","53,34947206"
Intermediário,Chat,51+,0,"8,01354084","75,57789352",Não,"3,665414936","5,065289238","54,96931827"
Intermediário,E-mail,36-50,"5,267501949","7,520301943","61,84238385",Não,"6,485366516","4,026631089","51,93018342"
Intermediário,Presencial,26-35,"17,89916518","7,883710137","60,31523218",Sim,"6,965782154","3,638331846","47,98148565"
Intermediário,Telefone,26-35,"14,7838831","9,620849288","70,16413143",Sim,"4,262239447","3,779955035","35,21533179"
Básico,Chat,26-35,"10,0528992","6,872313849","58,33631896",Sim,"3,559639785","1,634660481","53,73406116"
Intermediário,Chat,36-50,"9,953968336","7,677616819","60,57338764",Sim,10,"2,080364418","52,06814381"
Premium,Chat,36-50,"10,06783464","7,582459684","61,28533607",Sim,"5,546920334","5,038493869","49,14267729"
Intermediário,Presencial,18-25,"10,47946871","7,053137031","58,26240133",Sim,"7,402626009","2,473171191","53,42297821"
Básico,Telefone,36-50,"10,38381982","6,632986141","48,48069116",Não,"5,465181743","4,142080135","41,58293078"
Básico,Telefone,26-35,"7,266358395","6,667549863","55,74881522",Sim,"9,598850045","3,485492825","57,2627976"
Intermediário,Telefone,36-50,"4,922124778","6,880573328","54,10009475",Não,"5,748052067","1,702428626","52,73756906"
Básico,Telefone,18-25,"4,789701542","6,627959771","58,09360367",Não,"7,428836973","3,732456439","54,35265901"
Intermediário,Chat,18-25,"5,758108071","5,722665044","47,07392619",Sim,"7,998556305","2,478984163","54,72729103"
Intermediário,Chat,26-35,"9,14521396","7,802090349","60,86109551",Sim,"5,426803332","2,553971377","53,7390226"
Básico,Presencial,26-35,"10,86605088","7,692697357","61,85071551",Sim,"5,232233703","2,444594155","50,07638743"
Premium,Chat,26-35,"12,96228126","6,030716409","54,27065861",Sim,"8,630794496","4,01351021","47,67907472"
Intermediário,Chat,26-35,"12,98830523","6,152001247","46,79573037",Sim,"9,145416887","3,760511005","43,33652305"
Básico,E-mail,26-35,"11,34477649","7,538182777","63,30952688",Sim,"6,936601247","3,515606076","49,26638388"
Intermediário,Chat,26-35,"12,0377833","8,015084304","60,91845427",Sim,"3,984830553","3,70377235","41,63816891"
Intermediário,Chat,51+,"7,674630113","8,677022171","81,37307407",Sim,"8,150529428","1,129419682","64,84075932"
Intermediário,Telefone,18-25,"9,242731385","8,344236558","72,57487603",Sim,"5,005639203","2,957377528","56,67778903"
Premium,E-mail,36-50,"9,286527721","9,770916655","76,82874924",Sim,"6,171878729","2,419666239","59,34246163"
Básico,E-mail,51+,"11,53601354","5,20287618","46,86557061",Sim,"9,226730789","2,234804133","50,60994656"
Premium,Presencial,18-25,"7,084180974","7,600844516","56,49849763",Sim,"3,212267798","2,174307896","56,23195089"
Premium,Telefone,36-50,"14,8816234",10,"83,24050806",Sim,"7,990671887","2,607867754","51,68655168"
Básico,Chat,36-50,"7,900264608","9,766545413","67,96924086",Sim,"7,086089528","2,185535249","51,79482519"
Básico,E-mail,36-50,"9,639103029","6,255308591","44,79561172",Sim,"7,040376971","1,951031183","49,30500296"
Básico,Chat,26-35,"3,78154832","7,36396869","61,27193538",Sim,"7,024477805","1,501996865","55,86791276"
Básico,Telefone,51+,"9,726285184","7,547043272","70,07938934",Não,"5,895341246","4,875445","48,89604614"
Básico,Telefone,26-35,"13,84560035","7,050801037","61,64764794",Não,"6,804958332","3,471965432","43,34365064"
Intermediário,E-mail,51+,"11,04990132","5,617750336","46,38283485",Não,"5,824743702","3,10191708","35,94395883"
Básico,Telefone,18-25,"10,25522577","6,365909147","55,25585622",Sim,"6,995910003","4,388516102","48,61607924"
Intermediário,Telefone,26-35,"11,18276221","8,750215655","65,43318459",Não,"5,265876263","1,979370953","48,8965653"
Intermediário,Chat,18-25,"12,88163503",10,"82,94979332",Sim,"7,12867346","3,031853848","59,18710082"
Básico,Chat,36-50,"8,697638596","7,442935502","43,4605267",Sim,"9,448728289","3,994622667","41,04931948"
Intermediário,Chat,36-50,"4,580392034","5,134680521","43,64766175",Sim,"4,61392016","2,553573469","51,91669525"
Intermediário,E-mail,18-25,"12,27918998","2,384700948","19,73045583",Sim,"5,551237027","1,710470506","36,01472286"
Intermediário,E-mail,26-35,"6,771874644","7,148573605","57,03851597",Não,"5,373443244","2,419656725","50,44991486"
Básico,Chat,51+,"13,9021981","6,372897923","48,83790955",Sim,"8,837862231","2,260778872","45,91807404"
Básico,E-mail,26-35,"14,11100788","5,763799971","44,75350346",Não,"5,83371129","3,45775747","34,1774753"
Básico,Presencial,26-35,"7,297267224","4,462931412","38,32187621",Não,"8,470593943","3,888011839","38,92220716"
Intermediário,Telefone,36-50,"3,610057571","8,95048328","62,46510601",Sim,"6,390403335","3,019957132","53,96727984"
Básico,Telefone,18-25,"14,81535416","6,167829494","47,95862059",Sim,"5,215844988","2,628668491","42,86955339"
Premium,E-mail,36-50,"16,73741131","5,607368405","48,72712621",Sim,"8,166780748","0,7390874967","39,58803731"
Premium,Chat,18-25,"13,13254232","8,395786705","60,95470202",Sim,"5,207785736","2,759564125","53,42510705"
Premium,E-mail,51+,"7,489222927",,"60,76017476",Sim,"5,546282122","3,677716887","55,39308436"
Intermediário,Chat,26-35,"6,988962443","7,514010715","61,31655338",Sim,"5,551556331","2,03994526","53,87394444"
Intermediário,Telefone,36-50,"12,37604156","6,67316718","49,13107878",Sim,"8,411946922","3,259146016","46,78761138"
Básico,Presencial,36-50,"14,19768226","6,617602471","50,64489854",Sim,10,"3,220976052","54,86611192"
Intermediário,Telefone,18-25,"10,55780205","7,513555702","59,5742064",Sim,"3,805846244","1,792270105","47,86460184"
Básico,Chat,18-25,"7,662769752","6,377186281","51,82689153",Sim,"4,774129874","4,483409307","39,30432639"
Intermediário,E-mail,26-35,"16,85598168","6,192743752","43,73973441",Sim,"4,426591663","3,533265348","32,83159789"
Intermediário,E-mail,26-35,"9,572747872","9,207027643","73,62478074",Sim,"3,943608861","3,837739566","51,67729532"
Básico,Chat,51+,"10,09312778","5,400201494",,Sim,"6,866636267","2,513073727","46,23815452"
Intermediário,Presencial,18-25,"14,37568644","5,49649082","42,86331705",Não,"6,795983966","4,496624481","33,27492008"
Básico,Telefone,36-50,"9,605328447","5,434657983","50,78877007",Sim,"5,753649526","2,420639828","51,10703546"
Básico,Telefone,26-35,"16,08444602","6,125666064","48,31099555",Sim,"5,484600316","3,19571006","37,71678764"
Básico,E-mail,36-50,"8,980085","7,857424296","62,35548543",Sim,"7,759542275","1,704864037","52,13248271"
Intermediário,Chat,18-25,"12,13740522","6,547334338","56,87851553",Não,"2,418533128","2,212543899","45,59991483"
Básico,Telefone,26-35,"7,828759421","5,986585412","50,21799622",Sim,"9,11589234","2,871876835","51,79289184"
Premium,Chat,36-50,"9,993063787","6,491389277","61,55710284",Sim,"6,717559222","3,73202977","52,74766003"
Básico,Chat,26-35,"13,03184188","7,665954247","60,57689805",Sim,"8,207324363","2,509678106","45,1655749"
Premium,E-mail,36-50,"10,75669786","6,173696289","42,77039597",Sim,"6,338463014","2,364462133","55,5338328"
Premium,Chat,26-35,"10,17975556","8,666008738","61,99648508",Não,"6,553336454","2,979697352","46,10986315"
Básico,Chat,51+,"2,521664279","6,236867286","51,66544084",Não,"5,927186069","1,214259691","58,81830036"
Básico,Chat,26-35,"11,34323982","6,525065365","60,75363913",Não,"5,379638357","1,926160731","45,68607049"
Intermediário,E-mail,18-25,"19,33769739","7,489576518","54,49002701",Sim,"8,51549184","1,429096467","44,68835238"
Premium,Presencial,36-50,"13,00919857","5,736902139","44,7141038",Sim,"6,67134013","4,12604749","49,88215033"
Intermediário,Chat,51+,"21,03074779","5,821346777","45,52248163",Sim,"4,063580171","2,873419883","36,54671416"
Intermediário,Presencial,26-35,"17,37444804","7,698285555","67,67040216",Não,"7,324454217","3,052840958","41,60834398"
Premium,Presencial,18-25,"12,72911402","4,373895902","29,79837152",Não,"4,71029329","2,883471888","43,33253153"
Básico,Presencial,18-25,"13,81802024","5,018631571","49,94241816",Não,"2,181281594","1,615413909","34,39834158"
Intermediário,Chat,51+,0,"8,405463325","61,92595434",Não,"6,260454497","2,218867323","62,32538636"
Básico,Telefone,26-35,"15,77308503","7,183144886","54,35366744",Sim,"6,300819137","3,72933821","45,98974068"
Premium,Chat,26-35,"11,37737246","6,06270471","46,43475189",Sim,"7,410833255","3,175111483","54,32120256"
Básico,E-mail,18-25,"16,70986538","7,50753009","64,89034866",Sim,"9,239979938","3,855533165","49,99504365"
Básico,E-mail,26-35,"6,796313632","9,055859953","71,14889462",Sim,"8,322695794","3,334850021","66,99404899"
Básico,E-mail,18-25,"11,68609486","8,198082831","56,50479647",Sim,"4,964754301","2,891470126","41,23012199"
Intermediário,Presencial,36-50,"10,77683","7,402932748","65,12234574",Sim,"7,631385746","2,550253863","60,0140196"
Intermediário,Telefone,51+,"16,17477451","7,514131978","60,20937667",Sim,"6,65252722","4,868178784","44,08537519"
Intermediário,E-mail,18-25,"7,732937957","6,905254693","58,26928839",Sim,"7,499617377","2,682458843","50,57713949"
Intermediário,E-mail,18-25,"9,637487722","5,527170754","51,27250275",Sim,"5,719760089","2,75850321","48,19104113"
Premium,E-mail,26-35,"6,671657535","8,016142998","62,7517092",Não,"5,153653075","3,333186532","44,88736277"
Intermediário,E-mail,18-25,"9,219994312","6,808064656",,Sim,"8,554335431","3,214775378","53,14144305"
Intermediário,Chat,26-35,"11,31855543","4,891833927","29,63770441",Sim,"6,721723024","1,567731124","48,14005973"
Intermediário,E-mail,36-50,"9,785035757","6,098963954","47,30861783",Sim,"7,851016302","2,803919782","53,62556705"
Básico,Presencial,36-50,"8,214987257","6,422532913","45,59320072",Sim,"5,216301261","3,57895407","52,78117841"
Básico,Telefone,26-35,"15,11902763","8,076480234","66,39380262",Sim,"0,9643808582","1,761485145","43,52027133"
Premium,E-mail,51+,"8,911700406","8,690670401","64,06205105",Não,"5,563408174","4,187295409","51,69165732"
Básico,Chat,26-35,"3,53446907","5,384799295","36,13413046",Sim,"6,787050425","1,944011775","49,71474678"
Básico,Presencial,18-25,"6,509192452","7,898551104","68,83664017",Não,10,"1,118342486","53,24786512"
Básico,Telefone,26-35,"9,367539095","7,364964887","58,48321699",Sim,"6,43800073","1,667685299","48,52230239"
Básico,E-mail,18-25,"4,153214822","5,978718582","55,48921662",Sim,"1,941663983","4,209450733","45,63698952"
Premium,Telefone,51+,"9,179224827","5,908444395","46,65366427",Não,"5,537481823","4,009651517","47,15104723"
Básico,Presencial,18-25,"9,627079341","5,168695428","37,33744512",Sim,"4,522384501","5,07451834","35,94687482"
Premium,E-mail,36-50,"4,701845147","8,32070016","66,88517166",Sim,"7,50658475","2,882352861","62,8495425"
Básico,Chat,36-50,"10,2424183","7,710483331","64,43398458",Sim,"5,989410768","2,549961636","49,9757829"
Intermediário,Telefone,51+,"10,15434278","5,443053655","44,43984049",Sim,"7,784512977","4,012037732","51,83732272"
Básico,Presencial,36-50,"13,75965912","6,461272576","53,08560798",Sim,"8,303436183","3,979332497","46,01211753"
Intermediário,Chat,51+,"10,21461838","5,448647101","38,69718524",Não,"4,646101371","1,242659349","37,23175995"
Intermediário,Presencial,36-50,"8,188000694","7,159958895","52,50042345",Não,"8,613673735","2,834402548","47,17860512"
Premium,E-mail,18-25,"11,54390027","9,413133163","74,83307473",Não,"5,056419214","2,879392103","42,50563188"
Intermediário,Presencial,18-25,"12,15992248","6,945256379","51,3148245",Sim,"6,134045248","1,27677706","42,61824331"
Intermediário,E-mail,51+,"8,341153914","8,409318168","69,61766923",Sim,"5,781375637","2,736884664","58,22892684"
Intermediário,Chat,18-25,"7,50664046","9,814116317","78,02420077",Não,"2,293994937","2,086971227","55,97782561"
Intermediário,Chat,36-50,"8,709032756",10,"79,19498093",Sim,"5,7850759","3,235127002","53,73394922"
Básico,Presencial,36-50,"6,993528917","5,032399648","39,68639935",Sim,"2,354785221","3,826955319","42,03330718"
Premium,Presencial,36-50,"5,267383581","6,138218682","45,05068186",Sim,"3,505699115","2,275311357","51,23069633"
Básico,Telefone,26-35,"12,00931693","7,638285329","66,27711154",Não,"6,900737416","3,240226405","45,97473129"
Intermediário,E-mail,36-50,"8,993729529","7,762681862","62,40360047",Sim,"7,169848461","2,711945835","60,02291252"
Intermediário,Chat,26-35,"10,29287542","6,975352038","54,35611022",Sim,"7,865392145","2,731412817","46,35124701"
Intermediário,E-mail,51+,"18,55452156","8,958111394","76,67456419",Sim,"5,174424162","4,673277055","53,08798471"
Intermediário,E-mail,36-50,"9,92433671","6,080467901","49,58390114",Sim,"7,494671422","2,546904769","53,97270298"
Básico,Telefone,26-35,"6,021252516","6,865055435","62,26184951",Sim,"8,794749546","3,20143268","54,26892739"
Intermediário,E-mail,26-35,"7,824947121","7,943861692","53,44150881",Sim,"5,58175716","2,556073807","42,89142158"
Básico,E-mail,26-35,"9,757030393","8,330387805","61,01162791",Não,"7,630724096","3,354496197","45,42611404"
Intermediário,Chat,18-25,"9,261170478","9,680197988","79,82276869",Sim,"3,162663783","5,414924744","56,49185328"
Básico,E-mail,26-35,"3,631199777","6,894482722","52,4697949",Sim,"5,733875069","2,134529653","55,96903441"
Intermediário,Presencial,26-35,"10,61642635","5,985499988","51,13720193",Sim,"6,483052665","1,97681975","53,19794622"
Básico,E-mail,51+,"11,18973572","7,317896519","60,50247769",Sim,"7,52042074","2,651775672","45,78109739"
Intermediário,Presencial,36-50,"10,1965086","5,816898516","43,09956527",Sim,"4,635976249","2,15007688","42,38368411"
Intermediário,E-mail,18-25,"2,36942091","8,475292391","76,63817679",Sim,"5,985107639","2,762998173","68,13306503"
Básico,E-mail,51+,"12,57613223","5,354144467","46,9624943",Não,"6,735645835","1,52478942","42,71073379"
Básico,Telefone,18-25,"13,3292622",10,"76,24976118",Sim,"8,308078802","3,071712166","44,83748292"
Intermediário,Telefone,36-50,"11,10183385","8,351518727","63,15736977",Não,"8,090592258","1,052594029","52,79867091"
Básico,Presencial,36-50,"12,60613849","6,397406908","52,79443676",Sim,"6,170667623","2,179394037","39,696428"
Intermediário,Presencial,18-25,"5,040069562","5,702478011","35,99641298",Sim,"7,083764639","2,759555197","52,30287657"
Básico,Chat,36-50,"13,17199753","8,358337781","65,07846406",Sim,"7,076840243","1,844433752","41,29885909"
Intermediário,Telefone,51+,"9,662466082","9,017951169","70,08866402",Sim,"4,934426071","3,291973129","50,86260643"
Premium,E-mail,51+,"9,933827193","3,640421623","27,74748313",Não,10,"1,934352643","39,73325015"
Básico,Presencial,18-25,"16,73805595","9,85397819","91,65720851",Sim,"6,918431233","2,90431527","52,66497418"
Básico,Telefone,51+,"8,845859541","6,200775886","47,67268426",Sim,"7,461913665","3,27170866","46,02140579"
Básico,E-mail,26-35,"14,13813885","5,359323204","47,31576842",Sim,"3,837224137","2,156575615","36,77495198"
Intermediário,E-mail,26-35,"1,970814744","7,147649296","49,15318655",Não,"6,027538985","2,186433362","52,59145028"
Básico,E-mail,18-25,"8,375339314","6,413502805","43,41338315",Não,"6,142993359","4,002699943","47,11943158"
Premium,Chat,51+,"10,65121841","8,935197801","77,55122964",Sim,"8,11393501","2,467459461","52,8514486"
Básico,Telefone,26-35,"3,837389872","7,992305103","63,92582078",Não,"7,481954467","4,049806285","47,63520397"
Premium,Telefone,18-25,"13,91052296","5,97801591","46,35450122",Sim,"6,090009215","2,019741201","44,8037915"
Intermediário,E-mail,26-35,"17,4328667","8,095513862","61,55578165",Sim,"7,464270805","1,610875358","49,82552745"
Básico,Telefone,26-35,"7,534502003","6,61261085","50,92148898",Sim,"7,260543884","3,618205755","46,58404225"
Intermediário,Chat,26-35,"11,52704573","6,931903263","51,34956744",Sim,"8,586577088","3,057383887","41,54597237"
Básico,E-mail,26-35,"5,197796794","7,176081305","55,10435429",Sim,"8,770381483","3,080424626","50,79691683"
Básico,Presencial,26-35,"18,15327619","6,882113571","57,4519849",Sim,"7,510558683","1,693403796","37,77782599"
Intermediário,Chat,18-25,"13,03453642","5,394190163","39,12160138",Sim,"4,197770343","4,390385996","38,17992766"
Básico,Telefone,26-35,"8,20705228","9,559347459","82,61406991",Sim,"5,88117671","3,022933893","52,33849029"
Premium,E-mail,51+,"6,310885918","5,941361492","45,10612617",Sim,"5,767151563","3,03434204","50,17575508"
Premium,Chat,51+,"9,221274365","5,664526564","36,11720113",Sim,"9,562598715","2,180549154","49,07451045"
Intermediário,Chat,26-35,"9,108249109","4,88246756","38,45836343",Sim,"6,07689891","0,5025048957","46,21225576"
Intermediário,Presencial,26-35,"11,59947707","7,694681251","64,04409785",Sim,"5,198217311","2,214366782","45,92354606"
Premium,Telefone,18-25,"5,928422148","5,64823172","49,46020178",Não,10,"2,468432025","53,23681504"
Básico,Telefone,26-35,"10,0857998","6,308214332","42,0632578",Sim,"9,638719558","3,349905927","42,54458186"
Premium,Presencial,36-50,0,"7,20239786","55,70216779",Sim,"6,272415004","2,444617225","63,96428884"
Básico,E-mail,26-35,"14,79317542","6,42874621","57,46303225",Não,"7,521408248","4,18977291","38,02582809"
Básico,Presencial,51+,"8,812937441","6,662075511","57,6194479",Sim,"4,218659378","2,933795544","50,08181883"
Básico,Chat,18-25,"9,945090774","7,198689282","61,09594007",Sim,"7,670135196","3,394505847","48,55480076"
Intermediário,Telefone,26-35,"13,55518826","8,138073673","62,65209961",Sim,"5,373431844","3,514431098","45,41880832"
Básico,Presencial,51+,"6,976356664","9,962465433","75,98684748",Sim,"6,21137994","3,270877412","57,43260566"
Intermediário,Presencial,36-50,"7,921860932","5,530415217","44,73300597",Sim,"4,825167141","3,223966589","51,93702639"
Premium,Telefone,18-25,"7,48353062","8,618250869","71,55042275",Sim,"2,243229138","4,064393196","60,49995872"
Básico,Presencial,26-35,"4,797288136","8,248866342","64,2250678",Sim,"3,701907583","3,295684352","48,67017147"
Básico,E-mail,51+,"14,0558239","2,690575691","20,86328813",Sim,"8,184635843","2,529039848","36,92058789"
Básico,E-mail,18-25,"9,532539388","6,911236111","59,95440924",Sim,"3,800952087","5,289212561","46,88395876"
Premium,Presencial,26-35,"7,42211121","7,812429658","66,20244679",Não,"5,303515048","4,029646165","50,91818241"
Intermediário,Telefone,26-35,"12,39565978","9,4865762","74,96806128",Sim,"4,58833532","2,783277441","49,498646"
Intermediário,Presencial,51+,"6,420046123","4,898625831","35,66915551",Sim,"6,210157221","3,416372096","49,25243729"
Intermediário,Chat,51+,"5,563409742","6,689901748","57,52274048",Não,"7,687017732","4,264270928","54,72780224"
Intermediário,Telefone,18-25,"7,579684991","3,861173077","30,88890507",Sim,"5,821459328","2,744923164","52,35862388"
Básico,E-mail,18-25,"10,07954632","7,72982372","60,69889268",Sim,"4,581009545","4,118445269","41,57316749"
Intermediário,Telefone,26-35,"6,522173046","8,818436017","73,71887148",Sim,"7,687732381","3,717774268","62,48992922"
Intermediário,E-mail,36-50,"12,62247093","7,153513034","56,77747995",Sim,"6,728550922","2,236376002","52,24976678"
Básico,Chat,26-35,"4,982991338","8,065174829","73,46373838",Sim,"9,368014051","1,311931799","66,42079542"
Intermediário,Presencial,18-25,"11,03985083","5,617876173","38,59684681",Não,"6,324881246","4,070709712","39,81680323"
Básico,Telefone,26-35,"12,7483365","8,645128034","62,33814548",Sim,"8,51578405","5,719242478","34,58928576"
Intermediário,E-mail,18-25,"4,625890511","6,933943456","48,88059748",Sim,"5,736733247","4,507981638","44,07598113"
Básico,Presencial,26-35,"1,812682892","7,293388101","67,54936418",Sim,"8,37018032","3,153245994","64,36129148"
Premium,Presencial,18-25,"16,64213884","7,099339798","54,29515338",Sim,"6,708466333","3,408452752","43,99485596"
Premium,E-mail,18-25,"7,293483004","7,698700335","63,24666152",Sim,"5,43029124","5,846159107","58,54956421"
Intermediário,E-mail,36-50,"8,390351891","7,716241905","55,07989024",Sim,"6,641563354","4,821229372","48,01438007"
Premium,Chat,51+,"14,17880957","8,2526627","62,66083893",Sim,"6,980363611","3,46157298","45,06446795"
Básico,Presencial,51+,"13,23991062","8,219433161","67,03104297",Sim,"9,879295867","3,186493714","49,24760483"
Básico,Chat,26-35,"8,189892692","9,337131005","78,6796925",Sim,"8,548298354","4,096070638","52,00546368"
Intermediário,Presencial,51+,"3,628064941","8,097719334","72,38688119",Sim,"5,660521851","4,272041585","59,63828051"
Intermediário,Telefone,51+,"8,111843804","6,961354884","53,59612593",Sim,"6,426026587","3,099827951","45,43016983"
Básico,Chat,18-25,"11,24959521","4,132605618","33,64682216",Não,"8,029953075","1,779930007","42,04211326"
Básico,Chat,51+,"14,4033674","7,156358123","61,65809802",Sim,"3,498348427","2,735700136","44,35243259"
Básico,Presencial,36-50,"14,2028871","4,715270039","31,41134125",Sim,"6,928028626","0,5","44,55658183"
Premium,Chat,18-25,"11,53375289","8,595645096","67,97488801",Não,"6,989495077","2,560149112","59,16014883"
Básico,Chat,51+,"7,772195349","5,404006315","42,98277818",Sim,"8,853854848","2,38265337","48,12925778"
Básico,E-mail,51+,"19,73514871","6,246982433","61,82217756",Sim,"7,766656775","3,016416574","46,65274564"
Básico,E-mail,18-25,"11,06399605","8,424813636","66,42748317",Sim,"8,047889986","1,095568353","54,12180224"
Intermediário,Telefone,51+,"19,08830732","5,570254716","45,83308941",Sim,"7,309414314","1,322596944","34,1684958"
Intermediário,Chat,51+,"10,18613709","7,855169074","66,71843495",Sim,"8,267987946","3,945067047","46,92523807"
Intermediário,E-mail,36-50,"8,87335356","5,150161642","37,23117483",Não,10,"2,621005758","42,08604938"
Intermediário,Telefone,26-35,"15,68779671","4,902211307","41,21136961",Sim,"6,75825937","3,588993552","40,27633747"
Premium,Chat,51+,"14,10174264","8,041141848","64,56388876",Sim,"8,388344153","3,818058865","53,04060728"
Intermediário,Telefone,36-50,"11,2907718","7,776872849","56,66895913",Sim,"8,807624143","4,947192034","47,55344434"
Premium,Chat,51+,"4,318581321","7,128201053","55,79096235",Sim,"3,98721399","2,37804623","56,7896238"
Básico,E-mail,36-50,"2,886330097","5,678651428","49,34667363",Sim,"6,349608933","3,125024918","56,11956428"
Básico,Presencial,26-35,"12,25382703","7,518535093","62,6706295",Sim,"5,74416786","5,919473801","47,08158882"
Intermediário,E-mail,26-35,"9,040645278","8,695717263","73,90559435",Não,"4,881281745","3,46378157","47,29300895"
Básico,E-mail,36-50,"13,29457298","6,765044512","52,29574412",Sim,"4,919163954","4,618669964","37,14604241"
Intermediário,Presencial,36-50,"12,65356796","8,169553506","59,63787231",Sim,"5,242623783","4,055785709","43,99989769"
Básico,Telefone,18-25,"6,984294716","8,271250338","69,86331959",Sim,"5,224226586","2,197418239","51,85557538"
Intermediário,Telefone,18-25,"3,518273519","6,962618903","46,56350626",Sim,"8,339660871","3,548168111","48,79336865"
Premium,Chat,36-50,"17,38056814","7,331140466","54,04473737",Não,"7,860123255","1,473807932","42,4440276"
Premium,Presencial,51+,"12,30792767","6,369610634","47,67512619",Sim,"6,348079177","4,721437241","45,40116228"
Básico,Telefone,26-35,"19,25938957","5,995699167","57,59448999",Não,"6,52722357","3,233040294","38,01424789"
Intermediário,Chat,26-35,"12,09331823","6,574495552","58,06365334",Sim,10,"2,375369827","54,00861688"
Intermediário,E-mail,26-35,"9,473150651","3,828715708","29,58515162",Sim,"3,831060727","2,542817354","50,64814869"
Básico,Chat,36-50,"11,84494099","7,32966759","69,16129474",Não,"6,864991995","4,86440229","52,44330035"
Intermediário,Telefone,26-35,"10,36509483","8,821647221","63,88478705",Sim,"7,802510483","3,325233153","53,78177818"
Básico,E-mail,18-25,"1,813310104","7,791998994","60,60424224",Sim,"7,019317705","5,14151934","58,58986428"
Básico,Telefone,36-50,"14,1758757","9,194765305","60,72788726",Sim,"5,610845359","2,219630696","39,89245709"
Intermediário,Telefone,26-35,"7,42720578","6,98322324","51,11260227",Sim,"7,416119482","4,02025729","42,10128758"
Básico,Presencial,26-35,"9,245170647","4,064810567","32,6224915",Sim,"6,11797001","1,913980564","50,0049627"
Básico,E-mail,26-35,"11,31521788","6,232211046","47,55724508",Sim,"5,278583641","2,705519112","41,19065803"
Premium,Telefone,26-35,"10,20085678","6,145654926","49,53632458",Sim,"6,480832932","4,361482776","49,52925342"
Premium,Presencial,36-50,"11,91025934","8,457560714","62,09022346",Sim,"6,862933455","3,684102567","47,45827386"
Premium,E-mail,26-35,"8,932563357","7,932572909","65,63246905",Sim,"6,553998877","3,408123545","58,28595219"
Básico,Telefone,18-25,"2,19683311","9,52915792","76,76653967",Sim,"8,864382033","4,40905362","58,0729211"
Premium,Presencial,51+,"11,9190327","6,562662111","54,44143521",Sim,"8,351575954","4,681213392","50,67898597"
Básico,Presencial,26-35,"6,823753867","8,23617034","64,67299359",Sim,"8,182019641","3,327218019","52,14786937"
Básico,Chat,26-35,"11,87659507","6,487884221","55,67899127",Sim,"5,174778263","3,085041871","40,80090508"
Intermediário,Presencial,18-25,"9,203326453","6,145800173","53,20278345",Sim,"8,293378281","2,749102279","49,72605122"
Intermediário,Presencial,51+,"8,993393665","7,614545023","64,77943544",Sim,"6,605809463","3,098685918","63,44872025"
Intermediário,Presencial,26-35,"14,09701714","5,746318741","45,11639272",Sim,"8,191635147","2,622748537","46,24583502"
Básico,Presencial,26-35,"11,89065671","8,605770151","68,40645832",Não,"7,210187762","1,604392251","43,69919359"
Premium,Telefone,18-25,"10,40447467","7,53315084","54,11426282",Sim,"5,612826824","2,661802063","49,822292"
Intermediário,Chat,36-50,"10,96739564","6,785532667","53,7470731",Sim,"6,893711262","2,318901817","50,34576934"
Intermediário,E-mail,18-25,"14,7740617","5,904056144","53,60258253",Sim,"5,400280008","2,955846938","46,92473516"
Intermediário,Telefone,36-50,"14,0837994","5,486234858","44,78570541",Sim,"5,859392971","2,310174253","47,52732365"
Básico,E-mail,26-35,"3,864022567","3,28062222","29,48015815",Sim,"9,898834804","1,978322059","46,49830536"
Básico,Presencial,18-25,"14,21632241","7,866547094","63,02312063",Sim,"9,320107701","2,584590608","51,64795797"
Premium,Chat,51+,"14,64785236","6,482320842","50,30346182",Sim,"5,663427224","3,389317942","45,25675027"
Básico,Chat,18-25,"8,704643135","6,086810875","49,40355083",Sim,"5,524081906","2,588520049","47,26830824"
Intermediário,Presencial,36-50,"9,749502709","8,492897346","67,65832607",Não,"8,918093846","1,575769083","50,31862029"
Básico,E-mail,51+,"13,47846861",10,"75,14822287",Não,"6,475967781","3,741060317","40,90541837"
Básico,Presencial,18-25,"12,56442309","6,95500355","55,0491817",Sim,"7,17214991","2,025470889","48,83858574"
Intermediário,E-mail,26-35,"14,77249382","7,290401227","52,93017493",Sim,"6,374728117","0,7259982825","45,6647687"
Intermediário,Presencial,18-25,"10,74837263","8,293257786","56,15645063",Não,"8,859162735","2,868757039","48,41202096"
Intermediário,Chat,26-35,"5,582731245","9,425757883","80,93900137",Não,"7,08267458","2,761546677","54,53097877"
Intermediário,E-mail,51+,"6,389751585","7,353666319","65,78371491",Sim,"6,024416919","2,992958976","56,88162711"
Intermediário,Chat,18-25,"7,485445729","6,89804504","62,94216728",Sim,"8,227958783","0,5","59,03845669"
Intermediário,Presencial,18-25,"3,561816637","7,145106209","52,31076938",Não,"8,388587137","2,213651679","53,01066323"
Intermediário,Telefone,36-50,"6,17603229","7,270135992","59,70405915",Sim,"7,503666881","0,5","58,92087906"
Intermediário,E-mail,26-35,"10,856767","7,532895124","59,07902351",Sim,"9,533821646","2,044347075","55,12854141"
Básico,Chat,36-50,"12,17274333","5,936132077","47,53530224",Sim,"5,683666399","3,474993468","45,83565049"
Intermediário,Chat,18-25,"12,07409524","6,616485413","51,86541957",Não,"6,110187225","4,166213351","40,10853163"
Intermediário,Chat,51+,"15,10830759","4,416845345","40,86113999",Não,"5,620943072","3,257740431","27,24747931"
Intermediário,Presencial,26-35,"7,15559251","6,680949902","56,39660708",Sim,"8,322252878","2,199171169","56,42159238"
Premium,Chat,18-25,"12,07562469","6,234706592","46,53895811",Sim,"6,429897631","3,348514957","51,46445728"
Básico,Chat,51+,"11,95135109","8,22187292","73,98386769",Sim,"6,021597654","3,194937083","55,16656251"
Premium,E-mail,26-35,"1,955374143","6,924397169","51,26680323",Sim,"0,5346087528","3,293686276","56,05409011"
Premium,Presencial,26-35,"12,00709815","5,577574666","38,56413251",Sim,"6,761362029","1,673111548","47,73952093"
Intermediário,Chat,26-35,"8,44500559","6,201200581","42,52869057",Sim,"6,185724055","2,195708274","48,07971225"
Intermediário,E-mail,26-35,"9,772217221","6,489820683","53,40260353",Sim,10,"2,758097813","50,10036546"
Básico,Telefone,18-25,"11,39158069","5,372790542","40,35906782",Sim,"4,246846713","3,413943723","34,2997537"
Básico,Presencial,26-35,"10,32558581","8,486581098","64,90778513",Não,"8,139534599","3,875947042","39,26374243"
Intermediário,Presencial,26-35,"9,932643614","7,35637781","49,55700967",Sim,"7,641126202","0,6664874684","51,93603535"
Básico,Presencial,51+,"11,12740705","7,669706069","57,25009416",Sim,"6,453557658","3,381418577","46,35380987"
Básico,Presencial,26-35,"5,961923332","4,639505535","36,60005463",Sim,"7,319567343","2,571511067","51,78488545"
Básico,Telefone,36-50,"7,698347997","5,159842174","33,51302374",Sim,"8,252556033","2,416802609","44,15522522"
Básico,Telefone,51+,"13,18103035","6,182249715","43,08862036",Sim,"6,088001173","2,497921175","41,98294325"
Intermediário,E-mail,51+,"10,0839163","8,884641038","64,35997322",Sim,"5,256852339","2,946024915","47,78117582"
Intermediário,E-mail,18-25,"17,15119494","6,442431218","53,79790481",Sim,"5,26919969","2,844805098","37,92039725"
Básico,E-mail,26-35,"14,81172134",,"73,22591908",Sim,"2,123894516","3,034309916","53,03964343"
Básico,Presencial,51+,"11,94146866","7,748842092","55,3583063",Sim,"6,030176847","4,468014101","41,34310222"
Intermediário,Chat,51+,"7,701703392","6,73165767","56,74644821",Não,"6,472730622","2,866118095","49,70454224"
Básico,Chat,18-25,"10,76489891","5,944221646","41,77482765",Sim,"9,208471921","3,18465502","46,05504852"
Básico,Presencial,26-35,"8,592167715","9,036221169","76,99637089",Sim,"7,559631392","2,320096636","61,09362187"
Intermediário,Presencial,51+,"15,58349903",,"61,38204553",Sim,"8,24045875","4,039100894","44,11381237"
Intermediário,Presencial,36-50,"19,80921916","6,963615329","59,5008147",Não,"4,217830722","2,247260669","36,69166821"
Premium,Presencial,26-35,"14,61190583","7,222907389","61,02128042",Não,"7,515658984","2,972514619","45,30823189"
Premium,Presencial,51+,"4,010679202","6,069420342","49,07411799",Sim,"4,871043992","2,313715675","60,55496807"
Intermediário,Presencial,51+,"9,9913252","9,798188431","74,55139746",Não,"7,050761485","3,878468695","45,67255326"
Intermediário,Presencial,51+,"7,061641337","7,880957515","71,20089685",Sim,"9,845040204","3,261881548","55,64336559"
Premium,E-mail,26-35,"9,160806231","8,360034419","72,60633096",Sim,"3,872622496","5,22703703","52,86098803"
Premium,Chat,18-25,"10,28240002","5,505980003","48,49543066",Não,"6,465406427","2,379866503","50,32777904"
Intermediário,Telefone,18-25,"9,826753625","4,670083316","39,68194654",Sim,"6,347824918","4,132395053","46,23680754"
Intermediário,Telefone,51+,"15,0166211","9,950931727","72,05784231",Sim,"7,73495291","2,381315989","53,07134186"
Básico,Telefone,26-35,"15,80187152","7,105817116","45,96848882",Sim,10,"2,161243277","41,87059042"
Intermediário,Chat,18-25,"11,45800687","6,180308978","44,5069184",Não,"2,094881243","2,317539931","35,25793962"
Intermediário,Telefone,26-35,"13,02880139","6,894156467",,Não,"8,833238692","2,128514117","50,11944492"
Premium,Presencial,51+,"7,170950363","6,278725492","49,27698697",Não,"5,082804395","2,449465517","52,86381037"
Intermediário,Telefone,51+,"8,83237866","8,541417743","60,56004291",Não,"6,672843367","3,410294199","40,90344831"
Intermediário,E-mail,51+,"13,54266078","8,063627188","60,24464758",Sim,"8,669094077","1,978922283","50,54954049"
Premium,E-mail,18-25,"18,36663059",10,"85,26097237",Sim,"9,559002997","3,544943138","52,32459183"
Básico,Chat,26-35,"13,73012753","4,9794841","32,38116773",Sim,"9,436708232","2,194257701","51,12514713"
Intermediário,Presencial,26-35,"10,9954015","6,492648033","47,66327202",Sim,10,"4,140466846","42,39189918"
Básico,Telefone,26-35,"13,07516368","7,740678019","58,27449711",Não,"2,335434431","2,691782605","24,98382432"
Premium,E-mail,51+,"14,50528334","9,490865641","75,40992225",Não,"5,39558498","2,778260948","48,79459268"
Intermediário,E-mail,26-35,"14,0115174","5,473142011","36,32887805",Sim,"5,87026356","4,68982217","39,92269692"
Básico,E-mail,51+,"8,79190129","7,030509081","61,09379732",Não,"7,648592675","4,120992462","47,10287562"
Básico,Presencial,36-50,"10,40706348","6,408914566","61,60007186",Sim,"4,655327887","3,817426683","43,92458449"
Básico,Telefone,51+,"3,756777604","4,639676722","38,96280751",Sim,"5,588205406","1,708318244","48,6781616"
Básico,Chat,51+,"6,489643542","5,389034182","42,93866539",Sim,"6,445239941","4,341968902","47,12486379"
Premium,Presencial,36-50,"4,698226924","5,238587447","53,75660706",Sim,"2,850672089","3,756946004","53,41313924"
Básico,E-mail,36-50,"9,508317878","4,307964089","33,2641057",Sim,"7,268144404","1,760133071","45,72925751"
Intermediário,E-mail,36-50,"8,761798783","7,35280444","55,27222053",Não,"6,395503476","1,759366987","43,43081904"
Básico,Telefone,51+,"12,14181263","7,244249896","58,65488925",Sim,"8,48302847","4,48490516","45,82447293"
Intermediário,E-mail,36-50,"12,57876178","8,095167323","69,1020648",Sim,"4,404098177","4,377010903","48,67322502"
Básico,E-mail,51+,"6,709468257","8,884721227","75,34777238",Sim,"6,344869598","3,376801326","51,84959441"
Intermediário,Presencial,26-35,"7,695209247","4,0848555","32,04688843",Sim,"8,756828749","3,364145186","49,97347242"
Premium,Telefone,36-50,"10,55088986","6,374793053","54,4883743",Sim,"2,818833573","4,607696569","44,5711332"
Intermediário,Presencial,18-25,"10,12111394","5,336011577","38,93675101",Sim,"8,004736089","1,480312283","53,74975283"
Intermediário,Telefone,26-35,"11,65731578","7,234474679","61,13834872",Sim,"6,333615142","3,003953126","59,79002783"
Básico,Telefone,18-25,"5,398889069","8,475270033","64,63293338",Não,"3,884831793","2,842523367","53,8646789"
Intermediário,Presencial,26-35,"7,299002524","7,565828418","63,80468984",Sim,"5,027089327","3,447676703","59,41415546"
Premium,Chat,18-25,"12,21454329","6,876646524","55,07229859",Sim,"4,706346591","2,550803875","46,47123924"
Básico,Telefone,36-50,"12,66388088","6,459329083","47,8376093",Sim,"6,948848633","3,54400729","42,04380048"
Intermediário,E-mail,36-50,"9,382582593","7,070339584","57,04035964",Não,"9,661897423","2,983929493","39,85745369"
Básico,Presencial,26-35,"15,93684399","8,280029178","57,87850382",Não,"6,978159529","2,569978081","40,6600674"
Premium,Telefone,51+,"16,80368092","8,362666156","66,83649924",Sim,"5,4219861","4,75138403","42,07917358"
Básico,Presencial,26-35,"7,058911039","7,590950711","58,54767552",Sim,"5,875037113","1,360835966","52,18956463"
Básico,Telefone,36-50,"13,40027906","8,675368755","67,1651494",Sim,"7,434960195","2,975273213","47,79230759"
Intermediário,E-mail,26-35,"14,03132551","7,075846671","53,38156279",Sim,"6,667613291","2,048327864","50,71430896"
Premium,Presencial,51+,"10,20259131","9,202700788","79,58165693",Não,"7,691368325","2,477713529","63,6290257"
Intermediário,E-mail,18-25,"10,51541777","5,49728034","37,52001205",Sim,"6,760031699","4,146443388","46,62429772"
Intermediário,Telefone,51+,"17,38409547","7,410387788","56,62463295",Sim,"6,578554243","4,541000276","42,02368047"
Premium,Chat,51+,"13,5445565","4,279178345","27,56475673",Não,"4,185759521","1,773446426","35,79451933"
Intermediário,Telefone,51+,"10,2564812","7,701898662","58,69889262",Sim,"4,165009283","3,573499313","47,6731724"
Intermediário,Presencial,51+,"12,28204514","3,437591034","22,42784807",Não,"4,527551929","0,8353780517","45,75793315"
Básico,Telefone,36-50,"8,672757888","6,572288127","48,66810904",Sim,"6,400659488","0,5","46,90308256"
Intermediário,Presencial,18-25,"13,55639478","7,117977791","53,6678231",Sim,"6,32416761","2,037238844","46,84013315"
Intermediário,Chat,51+,"12,91072249","7,757767126","58,30287384",Sim,10,"3,172454643","47,38899481"
Básico,Chat,26-35,"21,12124942","6,107524548","52,18333249",Sim,"8,886936081","1,876914291","34,97247088"
Básico,E-mail,51+,"8,791123574","6,154980965","45,90609949",Sim,"8,861642815","2,801128054","58,4059734"
Básico,Presencial,18-25,"8,769939193","7,0723518","52,76739799",Sim,"7,906198967","1,201453425","45,46748914"
Intermediário,Chat,36-50,"2,500235277","6,142668681","49,47552461",Sim,"5,89042384","4,477257515","57,58470231"
Premium,Chat,51+,"14,13517043","7,71461887","62,42131594",Sim,"7,298990013","1,153038071","53,96779605"
Básico,E-mail,18-25,"9,993817425","7,815847799","61,49493151",Sim,"6,334865835","2,289294613","47,79452155"
Básico,Chat,51+,"5,648780879","5,160721369","38,65312737",Sim,"4,663615574","2,55474029","46,85393396"
Premium,Telefone,51+,"6,759811962","6,515180368","56,22365045",Não,"7,145340282","2,03791202","52,09323632"
Básico,Presencial,18-25,"9,631322546","8,860167378","66,19500986",Não,"4,83805004","2,553114124","47,38899709"
Intermediário,Telefone,51+,"8,049343893","6,23260921","56,8415755",Sim,10,"2,382387379","56,3367928"
Intermediário,Telefone,18-25,"7,436492754","6,061924314","49,03790843",Sim,"5,89908697","2,704094976","45,68058999"
Premium,E-mail,51+,"4,647674134","8,452754031","67,3021264",Sim,"6,446531718","1,349291768","60,18316461"
Básico,Presencial,36-50,"6,889983935","5,13278235","35,91730808",Sim,"4,112678397","3,543054955","42,84670481"
Básico,Chat,36-50,"10,23326475","6,393821406","55,22367263",Não,"3,902819701","1,57694287","45,91637707"
Intermediário,Presencial,51+,"6,072765709","6,014346618","40,45184969",Sim,"7,83060608","2,41662589","52,81666908"
Básico,E-mail,26-35,"6,636042538","4,742800462","35,28293822",Sim,"7,541069402","4,02037253","51,36416377"
Básico,Presencial,51+,"4,656547624","6,610852766","54,34499088",Sim,"9,088671583","2,606158103","54,38128173"
Premium,Presencial,18-25,"4,654066497","7,31171478","50,6233412",Sim,"4,8231247","2,918467343","51,04950092"
Intermediário,E-mail,51+,"6,641436319","5,992228976","44,82362295",Não,"5,462049576","2,79364384","47,16747635"
Intermediário,Chat,18-25,"11,62501791","6,850332955","60,70061478",Sim,10,"2,816857411","50,55732542"
Intermediário,Chat,18-25,"10,270026","7,663792033","68,35476306",Sim,"8,147500118","4,427127514","61,54276955"
Intermediário,Chat,51+,"8,086690159","7,316619633","54,39729314",Sim,"6,564551595","4,937137135","39,75532409"
Premium,Presencial,26-35,"14,84949209","6,171187163","56,26391369",Sim,"5,616508542","1,919500008","48,92604018"
Intermediário,Presencial,18-25,"7,720552153","5,764029916","42,71954342",Sim,"5,485014999","3,345471812","43,63060206"
Básico,Telefone,26-35,"11,64744072","7,582401765","68,06380195",Sim,"5,030523826","2,423747343","52,38274236"
Básico,E-mail,36-50,"11,32922146","8,410248594","64,99987521",Sim,"8,19333927","2,53016912","43,19403462"
Intermediário,E-mail,51+,"14,46832976","6,731213365","48,05887053",Sim,"6,128719276","2,59110733","43,18434538"
Intermediário,Presencial,36-50,"14,24089796","5,434143351","54,3274416",Sim,"6,04203064","1,734994681","48,17718928"
Intermediário,E-mail,36-50,"13,74404929","3,488161589","25,36508129",Sim,"4,270329474","2,976565646","33,60196347"
Intermediário,E-mail,26-35,"6,818167382","5,375520477","43,80180056",Sim,10,"3,490516654","49,52397598"
Intermediário,Presencial,36-50,"10,54887562","5,967827525","52,73945575",Sim,"7,324164887","3,518797879","53,84765824"
Premium,Chat,18-25,"7,55766137","8,813501791","72,95425806",Sim,"5,110230717","2,09910947","57,85816619"
Premium,Chat,36-50,"4,13409625","7,270421097","57,31390979",Sim,"6,20085753","3,740964681","56,84880857"
Intermediário,Telefone,51+,"11,2711159","7,474097561","55,50789672",Não,"4,863315642","1,40615656","44,42088864"
Premium,Presencial,26-35,"11,41239319","7,071384926","46,47103889",Sim,"5,661132553","1,511236576","43,95758723"
Básico,Chat,36-50,"4,694199843","5,838068496","49,9912748",Sim,"4,861188174","3,976360767","51,95892596"
Intermediário,E-mail,51+,"16,60427439","7,756612059","61,04051264",Sim,"8,23215151","3,697848467","43,90630551"
Básico,Telefone,51+,"5,976842377","5,73178301","44,40527817",Sim,"8,09814985","2,258606103","58,75638367"
Básico,E-mail,51+,"14,06136145","8,00952346","64,57534584",Sim,"8,27548471","2,525380922","46,60330465"
Intermediário,Chat,51+,"11,89096537","5,594163232","47,3820338",Sim,"5,995878699","2,850521856","52,89752614"
Intermediário,E-mail,26-35,"5,875651581","8,169959135","70,20584957",Não,"5,378431852","1,81310627","56,79769608"
Básico,Chat,26-35,"13,73648334","9,345691972","73,10960253",Sim,0,"2,421757223","44,59767731"
Intermediário,Telefone,18-25,"9,452782705","5,16453572","38,31951002",Não,"7,860967289","2,527524025","39,49917407"
Premium,Telefone,18-25,"4,327981534","5,393823119","43,71190436",Não,"4,642875934","2,095848218","56,98136928"
Intermediário,Telefone,26-35,"6,979439543","8,395649965","64,92325296",Sim,"9,935826687","2,447972281","53,31331428"
Básico,Chat,18-25,"10,69092112","9,701283663","82,26051131",Sim,"6,032376875","2,054273929","59,60323423"
Intermediário,Telefone,51+,"8,211954644","6,204996358","53,13076479",Sim,"6,74506245","2,562671957","52,35605745"
Intermediário,Chat,51+,"7,2305597","5,557384691","41,36115612",Sim,"8,405662326","2,273638584","45,0540355"
Premium,Telefone,36-50,"11,74515215","7,734295653","69,76019551",Sim,"5,169897955","3,961074786","53,48173402"
Intermediário,E-mail,26-35,"9,416663067","9,012098639","76,23236637",Sim,"7,385723558","4,716606733","64,79497125"
Básico,Telefone,18-25,"10,61807748","6,144385844","49,59290819",Sim,"8,864911654","2,293140098","58,01025522"
Intermediário,E-mail,51+,"10,6428902","7,185366732","57,16219618",Não,"6,94240939","4,606547179","47,58112492"
Básico,Presencial,36-50,"16,4016614","6,386307555","46,16114724",Sim,10,"2,828415543","40,7262613"
Básico,E-mail,18-25,"8,212333934","8,183615078","63,17911204",Sim,"5,676398803","1,401887882","50,34459738"
Básico,Presencial,18-25,"11,80629264","7,101494276","53,54754393",Sim,"8,189373228","2,35267873","43,43377745"
Intermediário,Chat,36-50,0,"8,278100482","69,66675224",Sim,"7,947997688","3,590723387","61,25427618"
Premium,Chat,26-35,"7,506086106","7,014069934","55,99690861",Sim,"6,946919305","2,64364842","58,76973511"
Básico,Chat,51+,"9,827108721","7,347685595","52,24761763",Sim,"9,100982264","3,887005458","47,54575288"
Intermediário,Presencial,51+,"8,498404091","8,348644214","62,17379915",Sim,"6,216510129","2,838544307","44,62669305"
Intermediário,E-mail,26-35,"9,882227564","5,920181952","47,50050985",Sim,"6,174114351","0,9946865207","57,89039624"
Intermediário,Telefone,51+,"7,567244704","7,982913586","58,48428653",Sim,"6,763973642","1,315875686","51,95241418"
Premium,Telefone,36-50,"12,54753201","4,452955312","32,88168179",Sim,"7,867083271","4,865215455","48,92541291"
Premium,E-mail,26-35,"6,765792887","7,773605258","58,53339673",Não,"4,724356944","4,025978951","50,11244656"
Básico,Presencial,26-35,"10,2578598","8,233868937","67,26567133",Sim,"3,998745549","3,269400474","46,2424065"
Intermediário,Telefone,51+,"4,515997944","7,006474415","65,54914062",Sim,"4,495199667","2,145219099","57,23552441"
Premium,Telefone,18-25,"6,215953951","7,852887482","63,45528367",Não,"5,481418013","3,607412086","59,39286055"
Intermediário,Telefone,51+,"12,32207879","7,881497803","59,51284491",Sim,"8,228781268","1,374957429","51,30624007"
Básico,Chat,26-35,"9,767071509","4,95673253","33,03576293",Sim,"7,275238961","4,02255506","45,8607501"
Intermediário,Telefone,51+,"8,923635883","7,218793104","51,69163585",Não,"6,646911413","3,389260149","47,24235563"
Básico,Chat,51+,"1,699790657","8,019665318","70,74835731",Sim,"8,11502141","2,411373215","57,15580019"
Intermediário,E-mail,36-50,,"8,047312289","63,98590674",Sim,"8,657479294","2,60280511","44,78265715"
Intermediário,Telefone,26-35,"8,768530638","6,567009901","58,4198367",Sim,"3,359282293","2,066594589","50,96694347"
Intermediário,Presencial,36-50,"15,85766197","6,213702508","55,50419539",Sim,"6,25706175","3,443110295","40,67830757"
Básico,Presencial,18-25,"5,07546038","5,992521555","55,10597164",Não,"6,07839955","2,097720262","46,65165069"
Básico,E-mail,26-35,"6,995378069","4,96502205","31,54153756",Sim,"9,092400785","1,638330987","53,99217525"
Intermediário,Telefone,26-35,"14,34659455","6,701154659","42,11678524",Não,"5,711676396","3,62290666","36,8188199"
Premium,E-mail,18-25,"8,453558366","7,803687555","62,45292384",Sim,"6,781487825","2,923194766","57,07065844"
Básico,E-mail,26-35,"9,873082016",10,"73,35441373",Sim,"8,777729842","3,341267841","57,43595855"
Básico,Chat,51+,"10,43652261","5,854012889","50,72440115",Sim,"9,374068838","1,60957649","55,39290861"
Intermediário,Telefone,51+,"9,145787867","4,907407728","41,53752095",Sim,"8,055274804","3,437442882","47,19365535"
Intermediário,E-mail,51+,"15,77634715",10,"80,49913287",Sim,"6,397404165","3,705185373","48,04146597"
Básico,E-mail,18-25,"9,357208946","8,717385816","69,52350034",Sim,"7,194797763","3,211887089","44,84255886"
Básico,Presencial,26-35,"7,507260717","6,904848748","58,4113477",Sim,"2,314884208","1,773385708","43,72712297"
Intermediário,Telefone,51+,"5,45172835","8,074278284","68,86857871",Sim,"3,737417125","4,1407988","59,13402155"
Intermediário,Chat,36-50,"17,3493438","8,022178049","69,66244513",Não,"3,183256364","2,612410645","42,27952943"
Intermediário,Chat,26-35,"10,17875872","7,285405448","58,22362096",Sim,"8,614558339","4,107517473","51,27671282"
Intermediário,Presencial,36-50,"6,081880856","8,801602069","64,5090251",Sim,"8,088598745","4,588053611","48,60063867"
Premium,Chat,26-35,"9,220727289","6,894875817","55,44274352",Sim,"8,712714424","3,225558571","51,49423569"
Premium,Presencial,51+,"11,23744647","7,669080859","65,14948149",Sim,"7,979697464","3,102096857","54,83873505"
Básico,E-mail,26-35,"2,324619431","9,00685504","71,00835854",Não,"6,114711329","4,541631955","50,82385115"
Intermediário,Presencial,26-35,"3,20792033","4,744212982","35,56493528",Sim,"7,507406616","2,170344273","56,10529006"
Intermediário,E-mail,36-50,"9,4897916","4,471928187","35,96708033",Sim,"7,797182242","3,790268964","50,61501372"
Premium,Presencial,26-35,"10,65995618","8,968146525","71,45257561",Sim,"9,022675522","3,377414311","62,38879027"
Básico,E-mail,36-50,"3,882233311","8,484543936","64,38502737",Sim,"4,959645413","2,702988942","52,90392523"
Básico,Presencial,18-25,"14,34640553","7,46001246","57,70738903",Não,"7,203399592","1,370873103","43,52138293"
Intermediário,Telefone,18-25,"13,94117301","6,641019594","55,74932536",Sim,"3,888533982","4,030283225","46,24339168"
Básico,Presencial,26-35,"21,35647476","8,067900838","69,21765902",Sim,"2,814146538","3,754261595","37,15168633"
Intermediário,Chat,51+,"10,00444447","4,512388505","40,78068618",Sim,"3,467906195","2,82233885","49,58347804"
Intermediário,Chat,36-50,"6,505485893","6,367976599","48,36664185",Sim,"2,65028908","3,428876293","49,29361301"
Básico,Telefone,36-50,"3,92627866","5,642276303","41,05972959",Não,"4,749096854","2,039334628","49,03528933"
Intermediário,Telefone,36-50,"12,10521992",10,"70,09124287",Sim,"3,964909052","3,295840412","49,93889184"
Premium,Telefone,26-35,"15,60756059","5,337729547","35,31073369",Sim,10,"2,61230493","47,53556274"
Intermediário,Chat,26-35,"13,60085961","5,790364717","42,87612928",Sim,"8,040767485","3,008733321","37,00812958"
Premium,E-mail,26-35,"9,506592095","5,389277859","49,1632722",Não,"6,009489191","2,95812","50,24303952"
Básico,E-mail,51+,"3,794791422","4,340648338","28,38360153",Não,"5,702918486","2,134963981","41,10797148"
Básico,E-mail,51+,"8,215712899","7,11672535","52,45235815",Não,"9,44375983","3,350351165","41,6844433"
Básico,Presencial,51+,0,"8,301911277","57,85795512",Sim,"7,016897267","2,541603433","63,04086839"
Básico,E-mail,18-25,"8,247601072","6,780044252","56,46090728",Sim,"4,952777005","3,856727069","43,16661047"
Básico,Telefone,51+,"8,812299062",10,"68,55454377",Não,"6,247831165","4,977289371","48,0550174"
Intermediário,Telefone,26-35,"1,660635084","4,322464071","40,41148221",Não,"6,58511563","2,791017341","51,43092182"
Intermediário,E-mail,51+,"10,49800576","7,260183811","49,033392",Sim,"6,280331152","2,67693302","38,94072789"
Básico,Telefone,26-35,"10,14023446","6,762601018","58,09838381",Não,10,"2,693571552","48,35235718"
Intermediário,Presencial,18-25,"10,10222815","9,284992618","67,60058388",Sim,"8,44884045","3,710582786","42,49460615"
Premium,Telefone,26-35,"3,37418183","7,197200162","56,62213943",Sim,"7,680448723","2,737485404","62,25915712"
Intermediário,Presencial,18-25,"3,503385091","5,483272582","38,05691812",Sim,"5,467368659","3,295185196","54,93620661"
Básico,Telefone,26-35,"5,369392814","7,444373872","59,8990402",Sim,"9,595414377","1,991195825","55,73812079"
Premium,Presencial,36-50,"5,356016153","6,810483285","53,70588376",Sim,"8,144403029","3,509187399","58,66540487"
Intermediário,Presencial,36-50,"9,937974481","7,357227353","61,02396368",Sim,"3,160005848","2,896265929","56,34783246"
Intermediário,Presencial,26-35,"9,28997327","4,900285607","36,13953554",Sim,"5,13760588","2,035498645","42,81958565"
Básico,E-mail,36-50,"7,690089257","7,937489054","60,80799221",Não,"9,738794213","2,332467065","49,82224156"
Básico,E-mail,18-25,"7,669049564","9,637355288","71,84086395",Sim,"2,764819089","3,530939207","55,13537567"
Premium,Presencial,26-35,"4,676122681","6,602442566","47,03624508",Não,"5,618494185","1,847750424","53,50519034"
Premium,Presencial,36-50,"7,356332511","8,656167313","63,84893968",Sim,"6,769643081","1,920104874","58,13177896"
Intermediário,Presencial,26-35,"5,836885379","9,098198918","79,55834087",Não,"4,232870134","3,539395391","50,1546111"
Básico,Chat,18-25,"11,70865748","8,430673598","78,64139557",Sim,"9,021535836","2,563771959","50,38735646"
Básico,E-mail,18-25,"15,80831853","5,939506557","47,29373755",Sim,"5,410950484","1,138316694","39,65612608"
Intermediário,Chat,26-35,"11,67345646","3,284946435","30,01746085",Sim,"5,698354074","3,903665802","45,77362184"
Premium,Presencial,26-35,"15,24318171","8,433419732","65,89244357",Sim,"3,297464873","2,573698865","50,67957579"
Intermediário,Presencial,26-35,"8,088342942","6,528820186","46,19201536",Sim,"6,539161362","1,997141979","54,25699258"
Intermediário,Presencial,51+,"4,629670107","6,889201693","53,73902419",Sim,"5,327554189","4,543200001","48,7242167"
Básico,Presencial,51+,"13,88512726","6,790196551","59,70248844",Não,"5,614140127","1,004238852","39,66154409"
Básico,Chat,51+,"5,316835185","7,050372803","51,10313048",Sim,"6,063848488","2,032701497","53,97485989"
Intermediário,Chat,36-50,"5,114122644","5,139523438","46,95314415",Sim,"8,755384855","3,642650639","56,64732908"
Intermediário,Chat,26-35,"13,06933885","7,110018278","60,19747103",Sim,"5,161186497","0,7360850864","46,39209396"
Intermediário,E-mail,51+,"8,851959728","6,508047329","52,38271466",Sim,"5,223037746","4,004206352","50,59775477"
Intermediário,Chat,18-25,"6,41595197","7,753974961","63,03027126",Sim,"6,658816262","2,871065903","48,92171436"
Intermediário,Presencial,26-35,"11,90428824","4,103244669","37,67019999",Sim,"7,170937154","2,668144432","44,9443313"
Intermediário,Presencial,18-25,,"5,102885602","37,18639817",Sim,"2,843623907","2,940032956","36,9655226"
Básico,E-mail,18-25,"14,0611998","7,03490933","57,42759539",Sim,"3,762711654","1,688785617","40,12527234"
Básico,Presencial,36-50,"13,58079716","6,78938903","46,90734677",Sim,"6,588127242","2,342352409","39,14572536"
Premium,Chat,51+,"5,739408939","6,670830959","50,37349421",Sim,"8,247974907","1,823827432","57,52065359"
Intermediário,Telefone,18-25,"11,20707858","9,069495395",,Não,"6,918051303","2,883683795","52,86690392"
Básico,Telefone,51+,"13,46173497","6,580825846","46,9030335",Não,"5,274016707","2,483150178","38,74102194"
Intermediário,E-mail,18-25,"18,80974316","6,557739463","45,82344073",Sim,"6,081104791","2,871373211","35,19505975"
Premium,Telefone,18-25,"8,481715794","5,507263682","51,93192356",Sim,"8,439718322","2,916393411","54,16324357"
Intermediário,Chat,26-35,"19,39996954","6,111714833","49,68671945",Sim,"8,0257392","2,119626061","47,55245014"
Básico,Chat,36-50,"16,18672223","8,688969049",,Sim,"4,194241875","0,5","41,56953375"
Intermediário,Chat,51+,"12,9841859","9,731567297","82,12848426",Sim,"8,472633303","3,766591511","53,28266383"
Básico,Telefone,18-25,"2,625993694","9,42055096","74,38461572",Sim,"5,174065298","5,405535657","45,85856067"
Básico,E-mail,26-35,"16,95331417","5,974284405","51,82466168",Sim,"7,653442191","3,460119631","41,28870032"
Intermediário,Presencial,26-35,"11,80164078","8,642836718","67,79840632",Sim,"6,224324468","3,010147893","53,51216458"
Premium,E-mail,26-35,"10,05611599","4,993038651","43,43109293",Sim,"6,163646527","4,56213812","47,52151952"
Intermediário,Chat,26-35,"9,514600504","5,736328223","38,56146631",Sim,"7,652385978","3,412846045","45,21642694"
Intermediário,Chat,51+,"10,63007939","7,471616563","55,24020266",Sim,10,"1,811137808","50,91439503"
Intermediário,Chat,51+,"12,45523447","9,910821844","77,89661947",Não,"6,435653553","3,714549932","48,43384112"
Intermediário,Presencial,51+,"12,06880581","7,101229708","56,42530644",Sim,"4,880923747","3,585076174","47,05462919"
Básico,E-mail,18-25,"14,67839145","8,566644886","63,06920765",Sim,"8,576197283","1,748038831","48,73317104"
Básico,Telefone,51+,"8,742698506","6,891936482","55,53905863",Sim,"5,883739529","1,120433451","50,93398416"
Premium,Chat,18-25,"2,182143478","7,010187557","57,61859436",Sim,"6,412352044","3,012083067","65,6797494"
Intermediário,E-mail,18-25,"11,36779299","7,625530032","60,67401749",Sim,"4,629143748","2,291891106","48,02427695"
Premium,Telefone,36-50,"9,958848502","9,431356626","62,45669186",Sim,"7,370951465","3,380096481","56,44840308"
Intermediário,Presencial,51+,"12,7572015","5,824677913","49,10046719",Não,"3,632046935","3,066308295","41,25765011"
Premium,E-mail,36-50,"11,22029272","6,627179909","52,44642017",Sim,"4,131250258","4,740116703","46,29242102"
Básico,E-mail,36-50,"5,877660045","7,47475521","59,55147084",Não,"7,433956183","4,629574113","54,47550616"
Básico,Chat,51+,"3,083948717","7,10900626","50,34752723",Sim,"9,244901421","3,554810072","56,13086208"
Premium,E-mail,18-25,"7,237165029","5,155488088","41,6514891",Sim,"8,282780669","2,333222027","59,48074145"
Intermediário,Presencial,26-35,"6,240257484","6,816889449","59,80287653",Sim,"8,011634513","1,561446754","54,31832905"
Básico,E-mail,18-25,"9,912113439","8,029123852","59,45431084",Sim,"3,380776494","2,467877621","47,84151399"
Intermediário,Chat,51+,"10,09886723","6,73005573","49,02601349",Sim,"7,410842518","1,781783808","51,87006376"
Premium,Presencial,18-25,"3,646461591","7,132964998","55,9068237",Não,"5,055957619","3,845542466","52,66214079"
Básico,Telefone,51+,"15,98324183","5,006202458","41,50996747",Sim,"6,628062323","2,342203448","42,28960229"
Intermediário,Telefone,26-35,"8,952191711","6,319750142",,Sim,"9,175632261","3,265200204","46,71255581"
Premium,Presencial,51+,"8,99136499","5,804709494","53,27943342",Sim,"3,419385573","3,614049679","52,84442995"
Intermediário,E-mail,51+,"12,68095535","7,449973323","55,42435805",Sim,"8,270645606","4,077618502","49,03492586"
Premium,Telefone,51+,"10,20516025","6,384963428","55,78233847",Sim,"2,853527727","4,010095408","48,83878008"
Intermediário,E-mail,18-25,"12,52858872","6,204070763","46,2633772",Não,"3,741860209","2,873384889","40,10223114"
Básico,E-mail,36-50,"6,135783324","8,321340093","64,44855982",Sim,"6,947880509","3,147833018","49,70052872"
Premium,Chat,26-35,"8,754587989","6,988252423","54,21266921",Sim,"9,767594078","2,50751903","48,96465665"
Intermediário,E-mail,36-50,"14,50037225","9,974773996","80,08631536",Sim,"5,377103564","3,105833422","46,5959866"
Premium,Presencial,36-50,"7,904225247","4,030373637","31,26523927",Sim,"4,694305443","1,372869606","47,65723833"
Premium,Telefone,36-50,"9,629677752","8,60961083","63,40622178",Sim,"6,459308478","1,543172823","56,59612806"
Intermediário,Telefone,51+,"9,786742422","7,319668324","55,90887162",Sim,"8,494431985","3,495749","47,00751079"
Intermediário,Telefone,51+,"6,368060456","5,158659703","40,07748255",Sim,"8,206107575","3,060475796","57,84386577"
Intermediário,E-mail,51+,"11,40228518","7,29263708","58,8596951",Não,"6,319536444","3,192022765","44,37863784"
Básico,Telefone,51+,"10,2048008","7,327437481","61,04452043",Sim,"8,508469457","1,841115186","56,16542926"
Premium,Chat,18-25,"17,58671296","6,678719305","57,04048319",Sim,"6,863132085","3,286194789","47,82459191"
Básico,Telefone,36-50,"6,272516982","7,049285182","53,02769933",Não,"6,346257866","5,377265626","44,69495156"
Básico,Chat,18-25,"11,26466765","8,866715728","72,2147894",Sim,"6,586662693","4,31186851","48,48352683"
Básico,Presencial,18-25,"12,91182259","7,581842517","55,45738169",Sim,"8,780023332","2,467569133","49,6323929"
Básico,Telefone,51+,"7,164026896","5,389886569","37,96247841",Não,"4,903895244","2,0653068","34,97458731"
Básico,Presencial,18-25,"4,283395383","5,771148096","52,54938658",Sim,"4,461533635","4,490453709","49,67669866"
Intermediário,Presencial,51+,"10,67452219","3,695592587","28,90875546",Sim,"5,879462262","3,227561267","44,67357503"
Intermediário,Chat,36-50,"7,613567819","7,907226286","59,65932038",Sim,"6,280024238","2,451606078","53,46990218"
Premium,Chat,36-50,"10,14046929","6,508868915","55,39398085",Sim,"7,647493413","1,326804408","54,55295193"
Básico,Chat,18-25,"9,269740517","7,513739297","62,13767803",Sim,"7,295336729","2,532877971","48,29922172"
Intermediário,Presencial,51+,"8,8492453","7,342946167","62,60207663",Sim,10,"1,932661453","48,04737753"
Básico,E-mail,18-25,"5,562891927","6,021974114","51,46570703",Sim,"5,924782084","1,39673313","54,11368052"
Básico,E-mail,18-25,"7,910047997","6,851686693","56,48338558",Sim,10,"3,655153384","48,37400541"
Intermediário,Chat,26-35,"6,625915841","8,431169925","59,6703562",Sim,"9,307562877","3,745458404","48,86966497"
Premium,Presencial,18-25,"8,022105503","6,330486879","49,41179272",Sim,"8,174208103","3,522493194","60,8337211"
Básico,Chat,26-35,"11,90802578","7,460694076","59,86122837",Sim,"7,11816989","3,235064917","43,94620284"
Premium,Chat,18-25,"5,316187466","7,074580041","56,82773505",Não,"6,915370932","2,116058088","53,04640538"
Básico,Presencial,26-35,"9,031584006","3,763181491","29,06262048",Sim,"2,792677955","3,403798989","37,13707495"
Premium,E-mail,18-25,"13,55455043","4,956599315","44,4138871",Sim,"3,475374931","3,770401677","51,63479154"
Básico,Telefone,18-25,"16,00837105","5,470879517","47,51184972",Sim,"4,918773481","3,197758115","41,86452372"
Básico,E-mail,18-25,"9,578624249","8,637294427","70,45454808",Sim,"6,667533597","5,127963986","46,96502697"
Premium,Presencial,18-25,"8,124615636","5,784553998","41,7685362",Sim,"9,018701142","2,31100504","57,08568621"
Básico,Telefone,51+,"12,10160464","6,265756014","44,44433714",Sim,"4,586849624","3,651166678","41,13743957"
Básico,Chat,51+,"10,1994787","8,22270901","68,96752584",Sim,"7,114194691","1,257588368","49,07778517"
Intermediário,E-mail,51+,"12,32900363","7,687077952","60,00703359",Sim,"2,164572202","5,692441024","41,61619461"
Básico,Chat,36-50,"16,71405777","5,943235574","57,13653029",Sim,10,"2,189690191","49,44130114"
Básico,Chat,18-25,"8,776890144","3,288750349","28,44427395",Sim,"6,110915694","1,72579979","47,70439469"
Premium,Telefone,51+,"10,85025168","8,237208018","65,07340902",Sim,"2,714905089","2,06240674","54,20193979"
Premium,Chat,26-35,"4,761011473","2,929093953","30,007962",Sim,"8,585895912","3,246395939","56,26950804"
Premium,Presencial,26-35,"5,587518542","8,201070847","63,20624699",Não,"8,963644835","1,969440883","60,14496971"
Intermediário,Presencial,26-35,"7,594706911","7,14566364","58,93098257",Sim,"8,046171651","2,467214815","56,68020392"
Premium,E-mail,26-35,"8,698505534","7,275965182","62,18375057",Sim,"8,371991343","3,240382659","58,69852903"
Intermediário,Presencial,18-25,"5,573351406","7,05838974","53,95790483",Sim,"6,070139663","2,756255534","54,15245011"
Intermediário,Chat,36-50,"14,87003341","8,183232829","72,83392257",Sim,"9,143424609","3,058646522","47,33182654"
Básico,E-mail,18-25,"6,367420075",10,"81,61516969",Sim,"6,032040622","2,071618582","55,83294966"
Premium,E-mail,18-25,"7,262008597","7,555446362","72,07943092",Sim,"2,703523597","2,469201326","59,78977255"
Básico,Presencial,18-25,"5,218083812","9,654043815","67,97619769",Sim,10,"2,512646994","53,51512108"
Básico,Chat,36-50,"9,469703723","8,508213377","67,4407057",Sim,"8,883706943","4,635749297","54,12717965"
Intermediário,Telefone,26-35,"8,977144145","6,728395059","51,30117669",Sim,"7,968740281","2,654496042","53,76598408"
Premium,Telefone,18-25,"12,31108156","5,824625486","44,54084508",Não,"3,957770513","2,351913899","47,46549751"
Intermediário,Chat,26-35,0,"7,205608901","63,97451548",Sim,"8,349221293","3,686176847","66,61047334"
Intermediário,E-mail,36-50,"8,575654568","8,976431158","70,64165347",Sim,"6,228404362","3,838349455","49,68658565"
Premium,Chat,26-35,"7,744051801","6,478967231","53,63415881",Não,"8,839263492","3,03448381","47,77421809"
Básico,Telefone,18-25,"14,23624943","6,949018437","60,5083238",Não,10,"3,959133781","36,75884356"
Intermediário,E-mail,36-50,"6,250479865","6,147993574","39,94941425",Não,"5,490823397","2,286436418","45,52585803"
Premium,Telefone,51+,"6,080884264","6,360912695","36,39239221",Sim,"7,558920945","4,35407242","43,78445661"
Intermediário,Telefone,26-35,"17,01782071","5,834693719","42,91377501",Não,"9,232208029","2,182502836","31,09784978"
Intermediário,E-mail,36-50,"9,244770085","6,008169299","52,12196975",Sim,"8,70857309","3,768808278","58,89803824"
Básico,Telefone,26-35,"13,12386666","7,492764669","55,41375214",Sim,"6,601529877","2,290354343","45,01003917"
Intermediário,Presencial,36-50,"9,600937368","4,049615616","29,50427271",Sim,"5,361873731","4,311671529","51,34047631"
Intermediário,Chat,36-50,"16,89524198",10,"77,91900511",Sim,"7,758542394","2,979893381","49,4275189"
Intermediário,Presencial,51+,"9,115609862","7,105970617","51,70683107",Sim,"7,86397585","1,951835234","51,70368929"
Premium,E-mail,18-25,"4,949385528","7,896664407","71,58241916",Sim,"4,843320894","2,560254448","57,08781673"
Intermediário,Presencial,36-50,"18,92413497","7,641281216","68,89527516",Sim,"3,359935781","3,277314761","48,31123219"
Premium,E-mail,18-25,"15,23350749","7,710548545","58,21003616",Sim,"7,618111023","3,025963052","49,9143799"
Intermediário,E-mail,36-50,"11,82585785","7,538997538","54,6613587",Não,"6,45733379","1,324320444","48,10080528"
Intermediário,E-mail,36-50,"9,06420313","8,980741143","74,47955038",Não,"4,997660376","4,303659443","50,41808021"
Básico,E-mail,26-35,"11,05489377","6,035653502","48,11909492",Não,"6,507067297","2,900492042","45,88980535"
Intermediário,Chat,36-50,"5,937277454","9,936006138","70,95575461",Não,"8,513470232","1,258672767","54,84170781"
Intermediário,Telefone,51+,"15,81370204","7,341429209","57,71000769",Sim,"7,071307246","3,638031092","39,97730808"
Premium,E-mail,51+,"10,02632671","6,368002586","48,48687778",Sim,"6,100798908","2,521747342","51,7265469"
Básico,Chat,18-25,"14,36103774","9,043417997","75,48739937",Sim,"5,083740676","3,673945874","43,50802093"
Básico,Telefone,51+,"9,899579713","7,294922443","63,45149685",Sim,"6,605463286","3,647983984","49,70212339"
Premium,Telefone,51+,"10,57947273","5,376767329","38,8202587",Não,"6,008887645","1,289988677","42,41692269"
Básico,E-mail,51+,"15,32588081","3,184753307","23,20548831",Sim,"6,569615827","3,598883147","25,13076063"
Premium,Chat,36-50,"7,871839952","6,924371746","64,17222417",Sim,"8,137352759","2,462439308","55,7845728"
Intermediário,Chat,26-35,"5,940329379","8,469092504","65,55657778",Sim,"8,56959936","2,601997012","63,94433005"
Premium,Presencial,18-25,"10,67915006","5,285695072","40,61280177",Sim,"3,683867994","3,013519886","48,8901154"
Premium,Chat,51+,"2,658160273","3,12125749","23,72803608",Sim,"7,59152925","3,238845262","51,58844163"
Básico,Chat,51+,"14,08945298","8,488355347","70,07223695",Sim,"5,742309004","2,886681633","45,20356448"
Intermediário,Chat,36-50,"11,62920094","6,307072545","49,67726504",Sim,"7,723769871","3,736228878","47,72718853"
Intermediário,Telefone,36-50,"5,87502227","4,611270615","40,78367243",Não,"2,193052299","1,626995888","41,41623562"
Intermediário,Presencial,51+,"10,4073084","6,981921065","51,44776981",Sim,10,"2,451745215","50,52488719"
Intermediário,Presencial,18-25,"9,292459593","6,040085851","44,73732835",Sim,"6,416844384","3,264802742","48,05505818"
Premium,E-mail,18-25,"9,244555417","6,142948145","47,05563353",Sim,"6,082825613","3,048652877","52,88948601"
Intermediário,E-mail,36-50,"1,015916166","4,516171004","34,53368629",Sim,"7,043303951","4,442281228","55,01992127"
Intermediário,E-mail,18-25,"5,145664243","9,005595485","63,78810692",Sim,"4,714294972","3,028283974","51,92335516"
Básico,Chat,18-25,"11,59227152","6,329167923","53,22208548",Sim,"6,555215223","4,179250792","45,86712832"
Premium,E-mail,51+,"13,81696626","7,743590255","61,53260329",Não,"7,367144356","1,330528508","50,52470595"
Básico,Chat,26-35,"15,00390209","9,090234319","63,79075826",Não,"5,831030742","2,946350516","38,13776573"
Básico,Telefone,36-50,"8,206895822","5,092165839","36,3509032",Sim,"8,339336","3,07291902","44,10441307"
Intermediário,Telefone,18-25,"11,2995493","6,633472134","41,29487341",Sim,"5,564855878","1,94480021","44,00758538"
Intermediário,Presencial,18-25,"11,62253311","8,516076829","67,50238552",Não,"7,662259993","4,578826463","41,81965042"
Premium,E-mail,36-50,"4,427371894","4,446837284","40,02681342",Sim,"5,965706097","2,384340045","56,60764279"
Básico,E-mail,26-35,"6,712472955","8,761926293","65,46070804",Sim,"2,930632387","3,51311056","53,68248419"
Premium,Presencial,51+,"8,135262807","7,846872655","59,6290514",Sim,"7,124662495","4,00836594","54,1415211"
Básico,Presencial,26-35,"5,768795361","5,284855583","38,27364177",Sim,"6,733784861","4,880134521","45,50507441"
Básico,E-mail,51+,"14,67687653","3,397708724","29,1624177",Sim,"7,997281524","3,498925632","35,55918864"
Básico,Chat,51+,"10,43631498","4,717021611","34,2952719",Não,"9,729074523","2,579369187","40,04417284"
Premium,Telefone,26-35,"13,36705233","6,995147313","68,14267423",Sim,"6,57204585","0,5","54,86987744"
Intermediário,Telefone,51+,"7,601351624","6,92405856","51,58987339",Sim,"8,961497555","3,072848727","53,18062308"
Intermediário,Telefone,26-35,"7,048981046","3,459565821","31,32512819",Não,"6,576919788","2,626686107","48,68387998"
Básico,Telefone,51+,"6,119546056","9,559286953","80,23395725",Sim,"5,475814113","3,856937735","54,61519301"
Básico,Telefone,51+,"13,0680728","7,225010436","53,56459849",Sim,"5,545746846","4,509997153","39,58006837"
Intermediário,Presencial,51+,"11,2905614","4,912233579","34,25358126",Sim,"8,44273215","1,377525686","45,34955085"
Intermediário,Presencial,51+,"9,693086485","5,317974183","36,98524678",Sim,"6,576628889","3,140226695","49,73072221"
Básico,Chat,18-25,"9,410980331","8,240947644","64,25084829",Sim,"8,033725894","2,02571118","51,67763614"
Básico,Telefone,26-35,"12,97208876",,"51,25675433",Sim,"6,723919168","4,101309941","34,10841456"
Premium,Chat,36-50,"9,397301163","9,132070821","76,47532644",Sim,"4,615254583","3,005461025","55,55258803"
Básico,Chat,51+,"7,900481657","5,501304305","43,5827619",Sim,"6,741682535","3,488797058","49,33730676"
Básico,E-mail,26-35,"7,546496542","7,686619592","54,5395292",Sim,"4,674750302","2,662092604","49,68971462"
Básico,Telefone,36-50,"8,04769525","8,625156567","72,50962292",Não,"2,459765167","4,433596581","42,82106206"
Premium,E-mail,18-25,"3,477266696","5,782340057","43,10474004",Sim,"4,711314501","1,609855651","48,01873488"
Premium,E-mail,51+,"15,41849508","7,524042403","60,75201396",Sim,"3,5512626","4,11023929","45,45594572"
Intermediário,Telefone,26-35,"5,75391131","5,921715418","56,42422064",Não,"4,097056915","5,090384881","52,02321528"
Básico,Chat,51+,"7,608681461","9,244063276","75,38217124",Sim,"5,047606389","3,771070741","58,51665737"
Intermediário,Presencial,18-25,"6,239136465","7,784900713","66,12474501",Não,"8,086290647","2,819416089","59,83968214"
Premium,E-mail,51+,"12,64964901","7,536247113","65,8674326",Sim,"5,667541633","2,620643228","55,6774749"
Premium,Chat,36-50,"11,38645159","7,544904352","51,82751299",Sim,"5,565047387","2,836418113","45,67052528"
Intermediário,Telefone,36-50,"11,87872977","5,383534715","37,35156196",Sim,"4,26273964","3,079582653","41,8043393"
Básico,E-mail,36-50,"13,85752443","7,578598402","60,17698252",Sim,"6,201717638","3,377531007","38,58336116"
Intermediário,Chat,36-50,"6,801668258","9,671957645","81,64095114",Sim,"8,412813887","4,58085031","55,58997951"
Intermediário,Telefone,26-35,"10,42438882","6,554139388","49,8148063",Sim,"8,057178375","3,409114684","39,65634829"
Premium,E-mail,36-50,"8,499284649","8,755162706","73,21588353",Sim,"8,009969878","3,296343371","51,42017968"
Intermediário,Telefone,18-25,"6,120837657","5,81223042","41,45541",Sim,"7,407964405","3,436672843","53,41326558"
Básico,Chat,18-25,"9,722744824","4,087425798","35,37486896",Sim,"4,118790486","4,24522913","35,14800173"
Intermediário,Chat,36-50,"7,808796684","5,845285391","50,4609055",Sim,"7,028583404","4,139951565","48,50527419"
Intermediário,Presencial,36-50,"16,19739954","4,153254879","36,60491529",Não,"5,282770572","2,431784194","39,59635949"
Básico,Presencial,18-25,"17,89475676","5,971787375","53,73837164",Sim,"6,129332859","3,116019104","42,24281841"
Intermediário,Presencial,51+,"18,10791037","5,840871058","44,18353688",Sim,"8,838460884","2,721381487","44,10776715"
Intermediário,Presencial,18-25,"13,20458599","6,528428798","51,89453369",Sim,"6,66009608","2,228050752","46,27000943"
Básico,Telefone,36-50,"7,39961215","5,081801431","41,11685426",Sim,"7,284147825","2,545241247","48,10456391"
Básico,Presencial,26-35,"12,65786552","9,348909824","72,86327014",Sim,"7,413981548","3,062700983","43,79133648"
Premium,Presencial,18-25,"13,17420262","6,560504546","56,64676752",Sim,"7,565181552","1,240370693","53,35218022"
Intermediário,E-mail,26-35,"14,51191193","6,061602435","47,83224477",Sim,"4,352887182","3,113144178","45,85373518"
Básico,Telefone,36-50,"13,42411364","6,942892928","53,05543701",Não,"7,268395154","1,255339183","41,71014723"
Básico,E-mail,36-50,"10,22869986","9,225965381","72,86713207",Sim,"8,176887358","2,994288756","59,43008853"
Básico,Chat,51+,"6,418484237","7,808644852","58,20857169",Sim,"4,559143783","2,280771352","49,40900551"
Básico,E-mail,18-25,"14,38458852","7,721035443","74,18545551",Sim,"5,46324604","2,37583354","52,96367446"
Premium,E-mail,51+,"13,76671356","4,762575722","29,63678818",Sim,"2,392109197","2,234158172","36,58190833"
Premium,E-mail,18-25,"6,169769459","7,241334241","53,54920506",Não,"7,050643361","2,140524804","48,34689405"
Premium,Telefone,36-50,"13,26293865","4,94681053","32,78641872",Sim,"6,24262415","3,955607725","36,13389719"
Básico,Presencial,26-35,"7,381423982","9,122748197","74,07895336",Sim,"4,241351845","2,5362345","57,39075958"
Básico,Telefone,26-35,"8,131980251","8,62405511","62,48012538",Sim,"5,57592677","3,051451863","42,78758415"
Intermediário,Presencial,18-25,"8,734708868","7,661370263","60,20374884",Sim,"3,639575827","3,990747998","44,48770052"
Básico,Telefone,36-50,"16,82452385","7,861467126","57,21294948",Sim,"8,276619477","3,167566707","40,55805032"
Intermediário,Presencial,18-25,"9,589605876","5,655918151","46,33726821",Sim,"4,967467921","3,096037425","35,56188199"
Intermediário,Telefone,36-50,"9,305421724","5,892635125","51,42708037",Sim,"7,560585477","1,942931482","51,18876095"
Básico,Chat,36-50,"11,75924633","9,366846858","81,85067492",Sim,"5,97035801","3,765747958","45,22926695"
Básico,Chat,26-35,"4,489506967","5,107306229","41,85283195",Não,"7,374664158","4,373477318","51,12851308"
Intermediário,Telefone,18-25,"5,080122247","7,366044833","52,65269594",Não,"5,214431443","3,504127722","46,58049455"
Intermediário,Presencial,36-50,"3,209406889","6,214142502","47,10873997",Sim,"8,283766441","2,597390165","55,64856656"
Básico,Telefone,26-35,"11,05581152","6,949118427","51,45359943",Sim,"6,3219826","3,70712862","49,6364155"
Intermediário,Presencial,18-25,"12,44631291","8,222654971","67,17145019",Sim,"7,423374152","0,5","51,08787228"
Intermediário,Chat,51+,"10,20137898","7,633072803","67,19853463",Sim,"7,443460467","2,351162489","57,13717695"
Básico,Telefone,18-25,"12,89353744","9,951858978","80,46326467",Sim,"7,993212103","3,078933419","51,84298114"
Intermediário,E-mail,51+,"12,21458608","8,310976224","63,94232723",Não,"6,640517722","5,070190199","44,20682238"
Premium,Chat,51+,"10,88971895","6,938402528","56,72831537",Sim,"7,356264539","1,844255184","46,75121441"
Intermediário,Telefone,36-50,"14,81452829","3,332834601","25,52554469",Sim,"5,385687263","2,270278519","43,2411233"
Intermediário,Telefone,26-35,"10,87255126","6,881501251","54,3431756",Sim,"2,153234904","2,49248858","50,34318843"
Premium,Chat,36-50,"10,39183454","8,085974078","69,00540966",Sim,"8,372308518","2,502606608","66,42737797"
Intermediário,Telefone,51+,"9,37916867","6,547051873","61,28876652",Sim,"6,640858419","3,223981753","52,5292753"
Básico,E-mail,36-50,"6,57309671","9,103898293","71,68066653",Sim,"4,881794254","3,411686902","53,95508605"
Básico,E-mail,26-35,"8,236834273","7,441576478","56,78916319",Sim,"4,667880961","2,482742675","48,79432784"
Intermediário,Presencial,51+,"4,104939655","6,859318732","58,02944544",Sim,"6,377640405","3,098831576","62,94645971"
Intermediário,Presencial,26-35,"8,943296731","5,474298853","42,70420771",Sim,"2,736134042","3,114195421","39,73093676"
Básico,Telefone,18-25,"11,95895791","4,137183087","26,99024126",Sim,"9,037998317","2,019575725","38,17802623"
Básico,E-mail,18-25,"6,453419364","5,039623748","33,95173759",Sim,"6,038105155","1,563921586","46,2888532"
Básico,Presencial,36-50,"9,186335103","8,819349202","64,92866256",Sim,"6,669935784","3,224297285","41,84924565"
Básico,Presencial,26-35,"10,78416169","8,37076454","72,52234773",Sim,"7,359183662","2,891645864","51,99884311"
Básico,Telefone,36-50,"3,510843908","7,991595498","65,28590724",Sim,"3,184498465","2,874120198","54,91792487"
Básico,E-mail,51+,"7,743709181","5,964101359","47,00368284",Não,"9,764317627","4,603443344","47,39871239"
Intermediário,E-mail,26-35,"8,60181592","7,572998612","65,63253865",Sim,"9,947749121","4,021421031","60,15679967"
Intermediário,Chat,51+,"14,21719471","6,337865958","50,37902911",Sim,"3,351005772","3,489050724","35,74525273"
Intermediário,Chat,18-25,"16,28716837","9,05662651","78,18186731",Sim,"3,966464239","1,596178153","56,57417711"
Premium,Chat,18-25,"2,278024383","8,635467448","67,20906674",Sim,"7,118544414","2,045235984","61,50082115"
Intermediário,Presencial,26-35,"12,15830176","6,688545003","52,63076345",Sim,"7,96720698","4,456603662","50,92890535"
Básico,Presencial,36-50,"6,379456672","5,025361952","48,59552306",Sim,"1,223685536","4,261967147","43,85709537"
Básico,E-mail,26-35,"12,84905789",10,"72,11071625",Não,10,"1,49117456","49,1129064"
Básico,E-mail,18-25,"8,583336026","7,506332308","61,74194321",Sim,"4,597504069","3,827534645","47,83553528"
Premium,E-mail,36-50,"12,4366901","7,767061598","61,81956664",Sim,"6,003041254","2,192117001","53,86711406"
Básico,Telefone,18-25,"5,149435676","6,470540196","52,70763669",Sim,"6,418623759","4,526318484","47,76913226"
Básico,E-mail,18-25,"16,36487284","7,984264548","67,64213008",Sim,"5,703019056","2,849553237","44,07186075"
Premium,Chat,36-50,"10,66585754","7,760402136","65,83878686",Sim,"5,238648908","3,518924257","58,5450798"
Básico,Telefone,36-50,0,"7,992695284","64,29592914",Sim,"6,612443355","4,350831629","56,93095583"
Básico,Presencial,36-50,"11,35207719","7,272565414","64,52273468",Sim,"9,344662976","4,144636588","48,5627388"
Intermediário,E-mail,51+,"19,79196176","5,420692004","40,79015077",Sim,"9,174154102","2,916225102","37,99052524"
Básico,Presencial,51+,"16,65879219","3,922375894","32,72425542",Sim,"3,785661964","4,175957398","35,34666063"
Premium,Presencial,26-35,"16,90572828","7,769125719","59,8445652",Sim,"5,521432547","2,364844558","43,19704565"
Básico,Telefone,51+,"6,073242355","5,314960121","35,1024328",Sim,"9,987657965","3,311234499","51,96142088"
Premium,Presencial,51+,"13,58568758","8,653204195","69,31683067",Não,"9,603461673","2,457254057","49,13918747"
Intermediário,E-mail,18-25,"18,35798128","5,731325021","49,26976445",Sim,"4,459226542","3,403799279","38,39610377"
Intermediário,E-mail,26-35,"11,81030454","4,654531669","37,31199714",Sim,10,"1,68262362","46,91093031"
Premium,Telefone,18-25,"7,734293694","6,963881121","49,62563409",Sim,"4,534678721","3,598355214","46,16028418"
Premium,Telefone,36-50,"13,11882043","7,884194531","61,14130106",Sim,"5,243672687","4,238013701","51,82614183"
Intermediário,Presencial,26-35,"14,12871033","8,248420063","66,57541795",Sim,"6,902463346","4,27814892","43,65743386"
Intermediário,Telefone,36-50,"7,099569702","7,612171151","65,489264",Sim,"6,11738288","2,865836151","59,68089478"
Premium,Presencial,51+,"13,07235107","7,224441183","51,64283339",Sim,"2,750337989","5,359866231","38,60081591"
Intermediário,Telefone,51+,"7,141791809","6,75881735","62,10022822",Sim,"4,042413158","2,43460637","46,98062145"
Intermediário,E-mail,18-25,"15,00991091","6,429998874","44,91879806",Sim,"8,1387048","3,343093784","41,59199814"
Básico,Presencial,26-35,"11,98046582","9,621712637","73,83874835",Sim,"1,425897625","1,676951055","46,38602914"
Intermediário,Chat,36-50,"11,94539875","6,707505757","52,84363561",Sim,"7,393513111","3,363631735","47,17133695"
Básico,Telefone,18-25,"10,84241081","6,351337247","53,37080266",Sim,"3,656994647","3,251295835","44,41542997"
Básico,Chat,36-50,"3,898100385","7,26894452","58,75814853",Sim,"6,184558441","1,527513922","49,16097849"
Intermediário,Telefone,36-50,"13,94854265","5,53329553","31,75962188",Sim,"6,424274098","3,038793524","46,38327927"
Básico,E-mail,18-25,"17,15871539","5,927050552","50,24867158",Sim,"9,009044671","3,319269277","39,6950316"
Premium,Telefone,26-35,"9,138480189","7,905285564","62,39642622",Sim,"5,556014384","3,492448886","57,40949926"
Intermediário,Presencial,26-35,"10,30726593","5,09046003","39,23255288",Não,"5,412416963","3,196957164","43,63126607"
Intermediário,Telefone,36-50,"9,800426621","5,355555117","44,15934511",Sim,"8,184059852","2,271300186","45,68856273"
Intermediário,Presencial,36-50,"9,144756545","8,172446393","74,30819372",Sim,"5,704975452","1,628697517","56,78343413"
Intermediário,Chat,36-50,"7,486554738","8,872246393","74,91692911",Sim,"7,481746209","4,477973095","58,67938116"
Básico,Presencial,26-35,"14,970038","4,767239773","36,83365415",Não,"8,559738742","2,682004342","37,37321885"
Básico,Presencial,18-25,"12,11291993","7,991910662","63,0697616",Sim,"5,015327652","4,23964116","40,92964022"
Básico,Chat,36-50,"11,74211305","7,887523935","63,05788619",Sim,"7,997040447","1,007140839","45,82409372"
Premium,Presencial,26-35,"13,07325461","6,957271117","49,5436813",Sim,"5,761553898","5,020977455","47,05605453"
Intermediário,Telefone,51+,"8,506458333","6,635012281","53,65211021",Sim,"7,450492591","1,921947773","52,89765349"
Intermediário,E-mail,51+,"3,689976182","6,446563249","48,65478221",Sim,"5,650244758","2,722671497","56,44424513"
Básico,Presencial,26-35,"16,9054396","9,782347994","76,72668638",Sim,"9,77998313","3,801512954","50,69464614"
Intermediário,E-mail,18-25,"6,087065288","8,427757824","69,91495557",Sim,"8,51152564","3,253281664","56,61677518"
Básico,E-mail,18-25,"10,08591193","8,171007586","65,86379937",Sim,"6,111418233","2,279616811","52,8552245"
Básico,Telefone,26-35,"15,56446705","6,956519636","53,3417847",Sim,"1,232159198","0,6415847015","42,76133755"
Básico,E-mail,51+,"9,011907077","8,117109915","68,37248327",Sim,"9,080434426","3,040607558","48,27576758"
Intermediário,Presencial,36-50,"17,38498051","8,103420551","67,26252873",Sim,"6,136514052","2,11603867","51,19590149"
Intermediário,Telefone,51+,"0,2527788803","7,888975284","64,99342789",Sim,"3,830260759","0,5","59,34855268"
Básico,Chat,51+,"9,977881677","5,710591562","51,31367663",Sim,"6,736877055","2,590958526","53,26984792"
Básico,Telefone,18-25,"14,03574203","6,203227589","47,16898188",Sim,"6,54287341","3,408056088","34,44510989"
Básico,Chat,26-35,"12,09360078","4,244535757","26,42928098",Sim,"5,581028746","2,362403428","39,32384214"
Premium,Telefone,51+,"10,64810047","5,029003441","43,02659524",Não,"8,558334568","2,971751952","50,9796398"
Premium,Presencial,36-50,"13,68073694",10,"87,33382518",Sim,"4,819812162","3,393716024","52,74444292"
Básico,E-mail,51+,"11,99102858","7,316420059","60,92567357",Sim,"6,864916085","1,244594116","44,34392329"
Premium,Chat,36-50,"10,61045269","6,526051441","50,72990071",Sim,"3,989715806","4,261883691","45,96260842"
Intermediário,Chat,26-35,"2,811298631","7,467532661","64,39408334",Sim,"7,251683558","2,924223264","66,62696527"
Intermediário,Presencial,26-35,"13,87792623","4,539210356","29,73488663",Sim,"7,134672217","5,78944322","35,59711867"
Intermediário,Chat,18-25,"12,18301615","5,605354016","48,7078908",Sim,"3,537712855","4,233872765","45,67340406"
Básico,E-mail,36-50,"9,542058975",10,"82,27287115",Sim,"5,763270965","4,839351361","45,97139016"
Básico,E-mail,36-50,"2,878339766","7,214860118","55,33088536",Sim,"7,882099129","2,705535136","57,63483006"
Premium,Presencial,18-25,"10,93553284","7,213582057","59,26159424",Não,"8,900588909","2,432756294","52,62389703"
Intermediário,Presencial,18-25,"8,452177554","8,789335718","68,59521111",Sim,"7,594429506","3,440973573","56,07421918"
Premium,Chat,51+,"11,50286456","4,496550246","42,33989835",Não,"5,799619105","3,198768337","41,7139646"
Intermediário,E-mail,26-35,"8,452516557","8,318905469","70,089332",Sim,10,"1,562963707","53,46574227"
Básico,Chat,51+,"15,6133022","7,527578304","62,06508689",Sim,"5,563756595","3,923776581","44,10887956"
Premium,E-mail,26-35,"5,753725732","4,983999004","52,97160211",Não,"4,185747099","3,59609628","54,80356601"
Básico,Telefone,18-25,"7,230784558","5,528510272","48,10804238",Sim,"5,163000576","3,379804687","51,08216797"
Intermediário,E-mail,51+,"17,702912","5,084668558","39,48230051",Sim,"9,193000757","2,968559621","43,95000248"
Intermediário,Telefone,26-35,"4,116101471","6,218404994","49,92071524",Não,"5,696208784","2,30200416","55,75652324"
Intermediário,Telefone,18-25,"5,576815774","8,017090909","66,59727081",Não,"7,551134386","2,060084403","57,53560232"
Premium,Chat,51+,"14,25459215","7,186647868","57,33244504",Sim,"9,783116475","2,038085103","50,77603389"
Premium,Telefone,36-50,"9,906852242","4,30931424","29,42188844",Sim,"5,820673408","0,6451141416","46,70649004"
Básico,Telefone,18-25,"5,149947319","9,353869882","79,11903593",Sim,"5,1935795","4,91869515","47,09919603"
Intermediário,Chat,18-25,"14,45112111","6,408659363","53,2405557",Sim,"5,52017761","4,061828281","41,65822286"
Básico,Presencial,36-50,"9,928701127","6,181329947","51,35755185",Sim,10,"2,046667517","53,61852889"
Premium,Telefone,26-35,"6,230330932","6,430463746","51,12772128",Sim,"4,94745845","2,873777505","54,10937724"
Básico,E-mail,26-35,"10,86473594","9,295441156","67,29862815",Sim,"7,139277987","2,701385422","52,041556"
Intermediário,Presencial,18-25,"6,524832287","7,135995264","54,5441708",Sim,"8,262078577","2,739058386","57,69679983"
Intermediário,Chat,36-50,"6,059139406","4,530934051","32,77193067",Sim,"4,232915559","2,772136161","50,53433088"
Intermediário,Chat,51+,"10,8820575","7,269309373","64,31387759",Sim,"7,348208923","3,687742189","60,1919539"
Intermediário,E-mail,26-35,"11,47909752",10,"83,3976844",Sim,"8,408656938","2,838796316","59,75523706"
Básico,Chat,18-25,"10,32171922","8,91659491","81,91981755",Sim,"6,462331062","3,27851721","52,78986868"
Intermediário,Telefone,51+,"10,77325382","6,326477794","51,82249485",Sim,"4,905364533","3,740872101","44,22775918"
Intermediário,E-mail,26-35,"7,63908265","5,980312393","45,41508888",Sim,"6,111995833","3,467529997","55,01946067"
Intermediário,E-mail,26-35,"15,21073433","7,480755602","62,02210782",Não,"7,23716699","2,881313708","43,02527261"
Intermediário,Telefone,36-50,"9,851335243","6,922038843","58,93582512",Sim,"5,490603987","3,406052776","54,76128702"
Premium,Presencial,26-35,"3,174085896","6,749161772","52,80285025",Sim,"7,886549129","0,6078354265","60,51442137"
Básico,Presencial,51+,"11,26981018","4,03300925","32,22542942",Não,"6,000076069","2,494673718","34,85109537"
Básico,Telefone,18-25,"8,976014666","8,176931888","61,78465353",Sim,"5,187610462","4,487477809","50,28663568"
Básico,E-mail,36-50,"11,46407925","7,202345493","54,48893024",Não,"9,501567699","3,309696976","35,55455824"
Básico,Presencial,26-35,"10,59280056","7,929025858","56,28678071",Não,"3,600877916","4,44297305","38,16509857"
Intermediário,Presencial,51+,"5,641565299","6,640810819","50,45101345",Sim,"7,143246494","2,673861925","45,01710873"
Básico,Telefone,51+,"5,423015682","7,531598436","57,17155504",Sim,"5,973223437","1,986359517","56,94157194"
Intermediário,Telefone,18-25,"6,741135228","7,529384454","56,48141651",Sim,"6,28563898","2,05892102","50,95991663"
Premium,Presencial,26-35,"14,26010726","6,771067537","57,4025219",Sim,"6,296557228","3,049649743","48,10893802"
Básico,Telefone,36-50,"11,82934853","7,100148947","51,51762884",Sim,"4,866567913","1,68166995","48,01336383"
Intermediário,E-mail,26-35,"16,84033387","8,696729595","77,14633117",Não,"5,229380405","4,197644944","37,29278129"
Intermediário,Chat,36-50,"9,142276194","6,326789826","50,47099754",Não,"5,477462395","3,2714411","38,33431469"
Intermediário,Telefone,36-50,"11,31879839","9,85065606","72,91753176",Sim,"8,387825029","2,664715238","53,23242039"
Básico,Telefone,26-35,"14,02954761","8,541712653","65,11582363",Sim,"8,439817653","4,254409343","43,76688414"
Básico,E-mail,51+,"15,12074351","6,418179472","58,3950892",Sim,"8,042634956","3,240993549","48,61443916"
Básico,Telefone,26-35,"10,42140561","9,522958108","78,11235383",Sim,"8,343467224","2,702456933","55,52383315"
Intermediário,Telefone,36-50,"13,76409866","8,771465033","72,25323116",Sim,10,"1,274274486","56,29941605"
Básico,Presencial,51+,"10,73796186","9,665081696","69,59264035",Sim,10,"1,616326831","46,65293622"
Premium,Telefone,51+,"11,9933769","6,201658184","49,42439653",Não,"5,605430717","2,481489516","52,11143949"
Básico,Presencial,26-35,"6,315492203","7,849650667","77,61466538",Não,"3,043559105","2,560699073","44,52454173"
Intermediário,Presencial,51+,"9,615872413","6,891279857","54,34926868",Sim,"7,590393767","3,238973288","53,17977785"
Básico,Presencial,26-35,"10,88336139","6,209132409","44,20225162",Sim,"5,037553609","1,736747602","39,59849834"
Intermediário,Telefone,51+,"11,25452646","8,443345628","68,61573886",Sim,"7,240913391","1,320979877","49,03891605"
Intermediário,Presencial,26-35,"5,802984016","5,775549085","47,45801799",Sim,"4,215074761","2,291354109","53,05114288"
Básico,Telefone,26-35,"12,88766028","7,850645923","58,75673169",Sim,"7,504360824","4,42084464","43,52549707"
Intermediário,Chat,18-25,"11,581334","5,218969187","42,98653391",Sim,"4,063804681","2,300812593","42,40274507"
Básico,Presencial,51+,"11,10611271","6,384800788","49,42502151",Sim,10,"3,182709845","42,29496563"
Básico,E-mail,51+,"6,111603109","9,071323383","81,873722",Sim,"4,662275608","2,905835398","59,01545552"
Básico,E-mail,51+,"13,12499657","4,182081947","26,9951311",Sim,"8,748654926","2,311339821","42,98064786"
Básico,Telefone,36-50,"9,074009965","6,595396421","54,47048606",Não,"4,637192544","1,982840184","44,93241558"
Básico,Presencial,26-35,"9,872670003","5,180378118","35,99012967",Sim,"7,296564569","2,305329628","45,22392874"
Básico,Presencial,36-50,"7,556166581","6,488736892","45,56400165",Não,"5,597003447","1,854460509","44,89485103"
Básico,Telefone,26-35,"13,13573106","5,796160978","42,43760492",Sim,"7,858725786","3,858818854","41,63774964"
Intermediário,E-mail,51+,"6,127330965","7,903876257","59,78472363",Não,"9,180864081","2,982185563","49,02064762"
Intermediário,Chat,26-35,"9,884319282","7,106136557","60,0053173",Sim,"9,974086124","3,145307431","50,36004815"
Premium,Presencial,36-50,"6,823045127","5,450502357","33,93330094",Sim,"6,965111372","2,924629343","55,3418173"
Básico,Telefone,26-35,"4,901611122","8,361140084","65,30219452",Sim,"4,290366444","2,765446876","59,42054715"
Básico,E-mail,36-50,"9,084745078","6,375608869","51,80617346",Sim,"5,011340689","3,191711415","50,38964428"
Intermediário,Presencial,36-50,"2,089952959","5,355230288","37,4239735",Não,10,"3,081645299","43,65202999"
Básico,Chat,26-35,"7,39574645","7,22399348","53,98124386",Sim,"6,757351451","2,585630377","51,69917696"
Intermediário,Chat,26-35,"9,308826283","5,11916747","38,92163219",Sim,"5,634303062","4,201195677","48,518923"
Premium,E-mail,36-50,"8,817144639","6,603390318","51,06483051",Sim,"7,526156226","4,020922044","50,68339139"
Intermediário,Chat,26-35,"10,19640562","6,699935522","49,34989522",Sim,"3,663349613","2,693961091","38,47646578"
Intermediário,Presencial,18-25,"6,222907575","4,843350987","43,8654099",Sim,"5,661220545","3,021458803","55,69270965"
Intermediário,Telefone,36-50,"9,153351843","7,558489581","54,42333967",Sim,"4,85094383","2,967156072","47,11945924"
Intermediário,Telefone,36-50,"2,805238613","7,047244583","56,68467174",Sim,"1,441493385","3,463346103","53,96142083"
Básico,Telefone,26-35,"12,73380724","7,040918632","60,66850847",Sim,"7,448826761","4,048257824","48,1442056"
Premium,Telefone,51+,"14,80746618","9,102231817","76,71750593",Não,"5,424895234","1,898961365","46,80644293"
Básico,Telefone,36-50,"8,728768291","8,570403427","70,49459974",Sim,"6,95025943","2,694487598","57,35133267"
Básico,Chat,18-25,"13,06353409","4,424194705","39,96580789",Sim,"8,217547657","1,54039395","54,98148489"
Básico,Presencial,26-35,"10,03094817","4,229885163","27,87303795",Não,"6,412330888","2,524459228","42,78994262"
Premium,Telefone,18-25,"6,653440514","4,399493844","32,12310299",Sim,"8,520289578","3,296586558","53,12135719"
Intermediário,E-mail,18-25,"9,434492528","6,812140817","55,15573943",Não,"4,65656008","2,764215283","37,51746346"
Intermediário,Telefone,18-25,"7,826230953","7,203656676","54,99810854",Não,"6,552405097","2,04818681","38,5046321"
Premium,E-mail,36-50,"2,390349511","5,652860304","50,42989685",Não,"4,486286669","2,992276208","55,44988757"
Básico,Presencial,51+,"10,72286607","5,28011568","42,93183313",Sim,"9,092943956","2,486797859","47,16411106"
Intermediário,Presencial,36-50,"11,80199106","6,833968871","65,0870087",Sim,"8,083731976","2,87341296","51,84559193"
Básico,Chat,26-35,"6,181037702","7,118099619","60,7954621",Não,"4,053104352","2,625625177","49,02171052"
Básico,E-mail,26-35,"7,949305823","3,054687933","18,94774069",Sim,"7,7912211","2,341478697","43,89135343"
Básico,Presencial,51+,"5,344048789","8,428756325","71,8354472",Sim,"7,342410609","4,220320242","55,79972317"
Intermediário,Telefone,51+,"4,557458487","9,741003179","77,21931503",Não,"7,804752806","0,9147436547","59,54454292"
Intermediário,E-mail,51+,"5,48492675","7,521246812","50,78771476",Não,10,"2,975404345","56,84561105"
Intermediário,Chat,18-25,"9,710227962","2,997807847","23,32282375",Não,"4,893905002","3,358137795","33,57216934"
Básico,Telefone,51+,"9,36291467","6,722403038","53,75493139",Sim,"7,044081111","2,570934764","45,38790498"
Básico,E-mail,36-50,"6,993572719","6,081168723","49,02307724",Sim,"8,125229163","2,863540798","44,51492901"
Intermediário,Chat,18-25,"8,072552135","5,442082556","54,98218334",Sim,"6,198490429","3,033650532","52,48518916"
Intermediário,E-mail,51+,"9,732564644","8,986176814","71,08757",Não,"5,730713978","3,088776233","49,43188394"
Básico,E-mail,36-50,"11,76662944","4,720120187",,Sim,"7,198198804","2,983473347","43,9884953"
Básico,Chat,26-35,"9,148507362","6,098891751","43,7912973",Sim,"8,147613717","1,531540632","48,82999762"
Premium,Telefone,26-35,"8,330210707","7,951043765","55,86264244",Não,"4,128739853","4,808386633","33,91560464"
Básico,Presencial,18-25,"6,086569511","4,084322303","30,18084684",Sim,"6,164475643","3,159795332","45,86637676"
Intermediário,Telefone,36-50,"11,85545794","6,649044807","53,39341636",Sim,"5,972062117","2,65042723","43,67098339"
Básico,Telefone,51+,"7,051762473","6,632511591","47,02281407",Sim,"6,601963471","1,998755758","42,12645324"
Premium,Chat,51+,"4,535751826","5,607430581","48,50624272",Não,"9,649977256","3,931142984","56,4814985"
Básico,Presencial,26-35,"15,79712857","6,595711165","52,29161481",Sim,"4,830224015","3,192429289","44,29833422"
Intermediário,Telefone,36-50,"6,262471782","7,977979957","62,5444482",Sim,"6,2330715","3,490655928","55,63153475"
Premium,Chat,18-25,"10,53516863","6,608673964","49,13667071",Sim,"3,421222957","3,292267639","48,9399233"
Básico,Telefone,18-25,"13,76415293","6,77491514","51,41340584",Não,"5,230442913","4,018432286","33,90694234"
Intermediário,Chat,51+,"11,83255535","7,325436367","57,64000843",Sim,"6,186674698","3,470395838","52,29202509"
Básico,Presencial,51+,"8,153614042","8,587943474","56,82299159",Não,"5,673439692","2,975923339","54,06674426"
Premium,E-mail,51+,"16,33658838","7,226473006","62,35484867",Sim,"5,309657326","2,944697269","51,08857583"
Básico,E-mail,36-50,"7,549204009","5,130020664","43,51242261",Não,"7,206986379","3,777568711","40,34506063"
Intermediário,E-mail,51+,"4,138467152",10,"71,03942473",Sim,"6,374905156","3,202309018","58,68693684"
Intermediário,Presencial,51+,"12,59415924","7,54223945","55,99157351",Sim,"5,102358506","2,564567127","44,42546558"
Intermediário,Telefone,36-50,"12,736368","8,194982506","61,68001801",Não,"4,226923826","3,69458197","39,01504931"
Básico,Telefone,18-25,"13,44261656","7,277603204","57,46613858",Não,"7,894039318","2,636689133","40,61948382"
Básico,Chat,18-25,"6,41253876","7,759637473","56,35926937",Sim,"4,265815564","1,622315094","47,12274231"
Básico,Telefone,36-50,"8,346191471","5,759213733","55,30957571",Não,"8,180346228","5,222965891","46,71014203"
Básico,Chat,26-35,"20,30513211","5,171394615","42,33940239",Sim,"6,305944045","2,791150671","40,13546987"
Premium,Telefone,18-25,"9,034769682","8,849582751","69,09641171",Não,"7,315092165","2,659551768","53,96321563"
Básico,Telefone,26-35,"13,94594937","6,238532151","60,08825871",Sim,"3,352802126","4,87615438","45,87418218"
Intermediário,Telefone,18-25,"9,584719473","7,099723986","49,66835735",Sim,"6,437478326","4,577331791","46,00287688"
Intermediário,Chat,36-50,"8,017902134","8,449562999","68,23460379",Sim,"6,889353703","1,120674198","56,70767004"
Intermediário,Chat,26-35,"1,260143925","5,7615715","56,1970291",Não,10,"2,752914129","60,80192828"
Básico,Presencial,26-35,"5,458104234","7,937967713","52,97050112",Sim,"8,537071392","0,6588704814","48,61181749"
Premium,Presencial,51+,"3,214309992","6,173973408","55,4156878",Sim,"5,675776035","2,423255436","65,59429869"
Básico,Presencial,51+,"5,32413177","6,141071216","61,41096066",Sim,10,"2,808508455","55,92675076"
Premium,E-mail,51+,"12,33446367","6,052741842","54,41683818",Sim,"3,870922347","2,790333226","48,14076196"
Básico,Presencial,36-50,"12,90475989","8,918545283","73,20146619",Sim,"7,298755705","1,700937486","51,6742256"
Básico,E-mail,26-35,"9,787104665","8,97474753","76,45472498",Sim,"7,168638583","2,557217675","51,94984837"
Básico,Presencial,26-35,"7,177291188","9,072124216","64,16352036",Sim,"8,613631616","2,82167071","49,80969627"
Básico,E-mail,51+,"11,9099231","7,876249613","60,76936236",Sim,"7,537238013","2,042652058","45,9077019"
Premium,Telefone,18-25,"5,990973774","3,696842133","30,93642875",Sim,"6,368106449","2,736526694","53,06888492"
Premium,Telefone,26-35,"9,317982415","7,870384953","54,84726984",Sim,"5,61805911","1,836588241","58,40485777"
Intermediário,Chat,26-35,"9,201454915","9,902867094","81,41593916",Sim,"3,844440543","0,5","55,43428095"
Intermediário,Telefone,36-50,"16,8787528","7,25946207","55,6320267",Sim,"8,865464049","2,86622478","37,7156474"
Intermediário,Presencial,26-35,"13,6487064","4,127677664","38,90625068",Não,"6,457058882","2,838481847","38,24238327"
Premium,Telefone,18-25,"6,675333631","8,757975312","70,61161536",Sim,"5,282581312","1,425647695","61,93831512"
Básico,Telefone,36-50,"12,5452399","7,655124354","63,93954942",Não,"8,34827975","3,520209696","41,83270426"
Intermediário,Presencial,26-35,"6,951580848","6,150416922","53,9698413",Sim,"8,10870195","3,999996058","50,31702489"
Premium,Chat,36-50,"8,957230489","5,007190837","39,71019579",Não,"7,058641494","3,221678411","51,60775128"
Básico,Telefone,36-50,"12,4361381","6,563442609","51,38722414",Não,"3,174553294","3,340737773","36,18289607"
Básico,Telefone,26-35,"0,4669234203","7,751595219","56,5500716",Não,"7,455036366","2,881528373","53,45094781"
Intermediário,Telefone,51+,"11,21013707","4,894052391","36,0743435",Sim,10,"2,711593424","44,7707845"
Intermediário,Telefone,51+,"7,873038569","6,660082868","56,31457558",Não,"3,528733797","3,45748209","51,66646779"
Premium,E-mail,18-25,"7,315891183","7,899799014","64,6897984",Sim,"5,327646378","2,434097366","57,75218644"
Intermediário,Chat,36-50,"2,747045195","5,650064875","51,7057657",Sim,"8,77638613","3,821732091","57,90454115"
Intermediário,Chat,36-50,"10,49372027","8,145404375","61,22861823",Não,"6,829191658","2,683413998","40,44531139"
Premium,Telefone,18-25,"6,26704326","7,38042724","69,65601417",Sim,"7,396383251","3,660503534","58,09638787"
Básico,Presencial,36-50,"16,67712973","7,604935062","61,82834241",Sim,"7,164745409","5,095893032","48,29156676"
Básico,Chat,51+,"11,1660692","7,219961446","58,77739954",Sim,"5,763488499","3,003715144","51,0894699"
Intermediário,Presencial,51+,"6,178070387","4,404383171","35,01885237",Não,"7,679154798","2,330596107","51,48341374"
Básico,Chat,18-25,"11,73646608","9,399012016","74,91378739",Sim,"6,982554979","3,968898947","49,77017155"
Intermediário,Telefone,51+,"10,26795294","6,915800182","50,53198422",Sim,"4,377131127","2,488496099","44,57175771"
Básico,E-mail,26-35,"14,43833684",10,"70,64141733",Sim,"3,041276999","3,641846097","41,42258504"
Premium,E-mail,36-50,"15,02393918","6,36250873","51,3624336",Sim,"6,440881402","2,463899461","52,8872888"
Intermediário,Chat,51+,"5,890011929","6,723342985","52,23202458",Sim,"2,094827747","3,013725711","52,83587572"
Básico,Presencial,51+,"11,47884144","8,765811841","70,60894727",Sim,"5,420366832","3,188534955","45,98875575"
Básico,E-mail,18-25,"6,41296551","9,42179918","76,40455339",Sim,"6,306536267","2,618537928","57,88075048"
Premium,Chat,36-50,"10,67676263","5,981349234","51,71415449",Sim,10,"4,74027557","53,67708644"
Intermediário,Telefone,26-35,"14,01482518","6,452963109","46,93129312",Sim,"1,391627664","2,691957902","40,72813305"
Básico,Telefone,36-50,"14,84203178","6,381576008","56,18516808",Sim,"8,473967772","2,99733373","45,24973855"
Premium,E-mail,18-25,"5,841552904","8,180171827","58,86467292",Sim,"5,074682601","3,679343468","55,12709509"
Premium,Presencial,26-35,"7,624390038","7,843675165","66,78834056",Sim,"2,576998395","3,709047357","59,48743293"
Intermediário,Chat,36-50,"2,529740198","6,221487837","51,73590866",Sim,"3,99010254","3,133388791","59,06840624"
Premium,Chat,26-35,"12,76059032","5,487488221","46,39921454",Não,"7,660989184","2,859331005","45,06092799"
Básico,Presencial,26-35,"12,84969079","7,223846833","53,29004179",Não,"6,093073887","4,01490105","41,75790744"
Intermediário,Presencial,36-50,"12,46230177","6,906564245","48,45195004",Sim,"6,601584649","3,349409142","41,80478778"
Básico,E-mail,18-25,"11,15166285","8,407180903","76,79916018",Sim,"5,699702835","3,998466501","45,35433607"
Intermediário,E-mail,36-50,"11,24483319","4,888410498","41,69769107",Sim,"6,232876003","2,537745564","44,19722888"
Intermediário,Presencial,36-50,"8,296642227","7,795879145","58,09327369",Sim,"3,520427916","5,105807291","40,96471624"
Básico,E-mail,26-35,"7,026415593","8,478815489","71,50077518",Sim,"8,266638834","4,639449017","58,30582804"
Intermediário,Chat,51+,"8,682428013","7,663326941","52,25635934",Sim,"8,891687912","2,076361629","54,10578147"
Básico,Presencial,26-35,"19,26231916","5,534591409","45,21421508",Não,"7,881194803","2,689995023","33,2031164"
Intermediário,Telefone,36-50,"11,1436189","5,079621506","33,60730557",Não,"4,015354292","2,274475711","42,17767271"
Básico,Chat,26-35,"8,68493126","8,548769505","63,59932046",Sim,"5,859141514","4,279639956","49,75695923"
Intermediário,Telefone,26-35,"11,22608869",10,"75,28903613",Não,"7,69275653","3,309090332","50,73909024"
Premium,E-mail,51+,"8,237750076","5,196607471","37,13270169",Sim,"7,531788934","3,184889328","53,61833809"
Intermediário,Presencial,51+,"15,17407771","7,593824933","70,10889904",Não,"2,008621689","2,228521528","41,84489993"
Intermediário,E-mail,18-25,"13,41396234","5,449334948","45,26621045",Sim,"3,471768599","4,765817277","44,27351106"
Premium,Chat,51+,"2,135882605","5,689543151","39,96748601",Sim,"4,987187481","4,169396991","54,07403108"
Básico,Telefone,18-25,"7,646537269","8,164396133","61,73809328",Sim,"2,773238657","3,419243561","45,78524627"
Intermediário,Presencial,18-25,"4,274039086","5,453152876","44,47361087",Não,"8,1918894","4,697214565","52,424155"
Básico,Telefone,51+,"10,00685556","5,416374625","40,95263369",Sim,"5,719829712","3,163339504","52,66773287"
Básico,Presencial,36-50,"9,928470484","8,487142799","59,41719839",Não,"8,390019648","2,604899153","50,25575996"
Básico,Telefone,51+,"13,26023122","6,280875517","56,96390182",Sim,"6,172342352","0,5","45,10362418"
Básico,Presencial,51+,"5,326832979","6,628853727","58,36412488",Sim,"9,124986159","2,071462395","55,68032229"
Básico,E-mail,26-35,"4,948257317","6,977761903","54,24784925",Não,"0,932559972","1,240749226","48,05890357"
Intermediário,Chat,36-50,"8,904201089","6,04446414","49,93131536",Sim,"5,032409668","0,65580467","60,58465524"
Premium,E-mail,18-25,"3,563557971","7,926199451","63,03077832",Sim,"8,322326809","0,5","58,88690951"
Básico,Telefone,26-35,"13,40784291","6,930493118","62,49181934",Sim,"7,118089852","2,430948365","50,75601883"
Básico,E-mail,51+,"8,277003181","6,962130996","54,00938118",Não,"5,977190801","3,348775786","46,99774809"
Intermediário,Presencial,36-50,"4,525507685","8,232892205","58,37284071",Não,"9,492709102","2,111981328","57,024701"
Básico,Telefone,51+,"8,52444228","7,225515464","51,10929511",Sim,"5,739088349","3,220390945","55,45897509"
Básico,Chat,26-35,"12,74494559","7,661229475","61,09239967",Sim,10,"1,884543903","49,67101226"
Básico,E-mail,36-50,"15,01258022","4,884425331","34,53350675",Sim,"6,440639702","4,271062125","33,29951326"
Intermediário,Presencial,26-35,"15,41240439","6,894360947","58,46245966",Sim,"4,84958401","1,746695755","44,89491004"
Premium,Chat,26-35,"11,57433693","6,517693665","49,38469147",Sim,"6,181502348","4,095042873","47,16206401"
Intermediário,Presencial,18-25,"11,67530473","7,643320987","63,50803435",Sim,"7,910472451","2,777896059","45,86785166"
Intermediário,E-mail,36-50,"12,35099392","7,221005422","60,68602599",Sim,"9,068495408","1,700597612","46,07260837"
Básico,Telefone,18-25,"18,11526436","7,133743252","53,51937024",Sim,"8,448452647","3,498382847","37,5409824"
Premium,E-mail,26-35,"5,708845298","6,836763599","49,11538065",Sim,"4,72337917","4,419760969","49,57666623"
Intermediário,Presencial,26-35,"11,92166774","4,39752559","29,81391218",Sim,"2,62784228","2,775690729","35,52547806"
Intermediário,E-mail,18-25,"8,557292029","8,153329818","71,18562103",Sim,"7,620880208","3,576726054","56,96851669"
Básico,Chat,51+,"14,90744633","6,521438822","53,10810339",Sim,"6,731313548","2,999552966","37,9394919"
Básico,E-mail,36-50,"17,05648928","6,575576506","52,71625811",Sim,"9,959066404","3,224857534","38,62804054"
Básico,E-mail,51+,"2,721452373","5,725100763","45,176428",Sim,"7,200694373","2,700509631","50,72501733"
Premium,Presencial,51+,"3,386898387","7,432788868","61,82722141",Sim,"9,330188594","2,520695286","69,68251744"
Básico,Telefone,26-35,"7,819292539","9,055597877","77,40920734",Sim,"6,041339815","2,129272601","56,32625106"
Premium,E-mail,51+,"9,858778748","6,789076122","58,52378526",Sim,"6,426693474","3,05492838","58,42711374"
Básico,Telefone,18-25,"7,030000099","7,540787728","62,0800186",Sim,"6,126228032","2,085498964","49,07129399"
Intermediário,Presencial,36-50,"8,629667927","4,84449913","37,19891904",Sim,"9,587351556","3,472308457","49,09786855"
Intermediário,E-mail,51+,"7,195921877","5,609273288","50,19180587",Sim,"7,975942436","2,925397097","45,99265841"
Intermediário,Chat,36-50,"18,28904811","6,196975442","50,41016991",Sim,"5,182521208","0,8244916242","50,48265391"
Básico,Presencial,18-25,"6,564505681","8,392330785","64,95481151",Sim,"6,698216999","0,5","57,90541443"
Intermediário,Chat,26-35,"9,075581019","7,202339648","61,0263091",Sim,"4,790750206","1,196906695","45,96854088"
Intermediário,Presencial,36-50,"9,247710502","6,959621131","57,37061407",Sim,"1,238420489","1,786029803","55,68762907"
Básico,E-mail,18-25,"14,88977822","6,3076235","41,66824522",Não,"5,107277055","2,440965268","40,05482355"
Básico,Telefone,51+,"7,851334744","4,738971013","43,3461552",Sim,"5,589286907","3,380007061","47,43322142"
Básico,Telefone,18-25,"4,911429744","7,620565911","60,30494692",Não,"5,366106589","1,707097762","44,64756703"
Premium,Presencial,26-35,"14,52447327","8,518538744","66,82949018",Não,"8,191868997","0,9351408632","50,6399635"
Básico,E-mail,26-35,"15,41525366","6,584623389","55,40701253",Sim,"3,41974221","3,299987723","41,50345066"
Intermediário,Chat,18-25,"2,997878559","6,244611077","58,16047899",Sim,"5,861714016","3,191329939","65,79999651"
Básico,Presencial,26-35,"8,845687443","5,933389952","51,72732204",Não,"7,124898196","2,229493593","46,03493412"
Intermediário,Telefone,51+,"9,602088378","5,647990286","47,95703833",Sim,"6,748528115","3,227956514","42,79554395"
Intermediário,E-mail,26-35,"9,8357402","8,051765416","66,27464792",Sim,"5,271558637","2,65244345","53,90862673"
Básico,Chat,26-35,"8,293274361",10,"79,95942227",Sim,"8,929953296","4,619067564","57,34520801"
Intermediário,Chat,18-25,"6,485090116","4,486602348","36,25309705",Sim,10,"2,813585386","54,63376008"
Premium,Chat,36-50,"14,28936722","8,672398029","73,87915705",Sim,"6,556228996","1,883102814","59,55879632"
Premium,E-mail,36-50,"8,720433368","6,825162306","59,18520943",Sim,"6,791272529","3,84647839","54,14200224"
Básico,Presencial,51+,"9,88814404","6,522125232","55,1281805",Não,"9,219479475","3,87860409","46,59094794"
Básico,Chat,36-50,"6,986455882","7,190534842","61,10044311",Sim,"7,995779984","3,880519347","55,06272177"
Intermediário,E-mail,26-35,"13,73631724","6,835487587","58,06845254",Não,"7,601321379","3,779270603","39,77144832"
Intermediário,Chat,26-35,"7,619397151","6,924889658","59,1781891",Sim,"4,005533984","1,617134269","51,26192618"
Básico,Telefone,51+,"10,97453722",10,"73,79773666",Sim,"5,656040444","3,356057953","43,6217016"
Básico,Telefone,26-35,"14,06714609","7,470207073","70,64551058",Sim,"3,901006737","1,793039739","48,02227063"
Intermediário,Telefone,18-25,"8,386679054","8,544216326","66,80437005",Sim,"4,560386274","2,999070078","55,16271165"
Intermediário,Presencial,36-50,"2,86209708","5,690351703","45,86590182",Não,"4,416987289","3,017126927","46,00785402"
Básico,Chat,26-35,"10,16626063","5,583137149","46,90134751",Sim,"8,292579792","2,989896999","43,1118541"
Intermediário,E-mail,18-25,"4,931853724","6,356069674","49,96444101",Sim,"3,343370669","2,253700223","50,73604103"
Básico,E-mail,51+,"16,54063573","9,693342806","81,08174495",Sim,"7,035580874","2,322212938","52,30006943"
Básico,E-mail,36-50,"12,80723012","7,684517916","61,17584727",Sim,"5,701278236","2,269729017","43,83098163"
Básico,Presencial,26-35,"9,259648139","7,829406647","64,50560101",Sim,"7,053767649","4,201040581","53,92930268"
Básico,Presencial,26-35,"9,301128597","6,34660094","53,50116983",Sim,"4,032653186","1,58993006","46,71544829"
Intermediário,Chat,51+,"12,58535534","6,808424675","58,29985748",Sim,"8,007149837","1,27873503","55,57811121"
Básico,Chat,18-25,"15,42679683","7,282996832","50,34580414",Sim,"7,078522041","3,665444917","33,74110348"
Básico,Telefone,51+,"10,56062703","4,672845399","23,53421827",Sim,"7,850272154","2,569193282","33,8685101"
Básico,Presencial,36-50,"13,04042577","8,363847432","77,75393759",Sim,"4,949729793","2,670961281","49,03369215"
Intermediário,Chat,26-35,"10,4343672","4,960211986","31,52445307",Não,"4,480201531","4,563309466","32,00283648"
Premium,E-mail,36-50,"15,27124564","8,472251017","58,67041317",Sim,"3,226882474","0,5","51,79251052"
Intermediário,Telefone,18-25,"19,23977859","7,280325928","64,49660131",Sim,"5,305358451","2,057530315","47,45886571"
Básico,Chat,51+,"5,794718729","3,849068781","30,25219224",Sim,"4,849384711","2,948378484","50,82022405"
Básico,E-mail,26-35,"5,10404472","8,9793447","77,48268008",Sim,"6,712949031","3,638954546","51,50625267"
Intermediário,Telefone,26-35,"1,233863676","6,82638949","54,08246759",Sim,"6,065171249","4,029142339","58,54674237"
Básico,E-mail,51+,"11,16484047","8,04576857","60,50637984",Sim,"7,484925535","4,380982379","47,75635685"
Intermediário,E-mail,18-25,"7,12584585","8,338312301","68,18032651",Não,"7,711438118","3,253639999","52,88001123"
Básico,E-mail,26-35,"14,4276184","9,282058008","73,02266322",Sim,"6,514905568","3,564873925","49,31578814"
Básico,Telefone,36-50,"2,045765265","8,136158304","61,24757105",Sim,"7,962866041","3,56784119","49,764271"
Intermediário,Telefone,18-25,"10,79468172","7,205941198","52,7340224",Sim,"9,134041882","4,283028242","50,13222892"
Básico,E-mail,36-50,"11,63473739","5,249640611","41,88433246",Sim,"7,733252794","3,147752799","43,33552007"
Básico,Chat,26-35,"4,198235305","8,316854284","62,24608568",Sim,"8,488886079","3,524539167","55,00241365"
Intermediário,Presencial,36-50,"1,338114044","7,329438291","62,43251238",Sim,"9,450597875","3,01961345","60,11883172"
Básico,E-mail,26-35,"11,09258922","8,625172077","68,48121928",Não,"7,178987779","3,585404405","47,72881603"
Básico,Telefone,51+,"3,927730352","6,524584268","47,5113175",Sim,"6,41158402","3,985036967","53,48771916"
Básico,Telefone,51+,"5,572502934","6,776126313","50,7850601",Sim,"7,555235108","2,996307663","50,04879514"
Premium,Presencial,18-25,"7,837877112","6,379653448","44,72532474",Sim,"7,439920795","2,418622623","53,59467292"
Básico,Presencial,18-25,"12,41226769","6,469995093","54,67978094",Sim,"6,754019192","1,916857704","53,99403129"
Básico,Presencial,36-50,"4,391854302","5,387744175","37,62283008",Não,"5,291130783","1,741547339","35,77903404"
Básico,Telefone,26-35,"6,265935787","6,668151052","56,23974719",Sim,"7,693637172","1,875772935","54,25830072"
Intermediário,Telefone,26-35,"3,971851056","6,233894197","56,53249406",Sim,"4,842044527","2,974750576","62,90286336"
Intermediário,Telefone,18-25,"8,676805281","9,35810189","78,77771676",Não,"5,309683042","1,737495093","51,34260141"
Intermediário,Presencial,51+,"6,621332594","5,125814242","43,67494639",Sim,"5,961534491","0,5","50,08463255"
Intermediário,E-mail,51+,"15,96307012","6,777962417","50,39017881",Sim,"5,041941072","4,643598947","40,8727782"
Premium,E-mail,18-25,"10,59338226","7,002968401","54,42335364",Sim,"5,991869196","4,082627436","46,96058505"
Premium,Presencial,26-35,"17,63936835","6,544389537","60,30312415",Sim,10,"3,007252848","44,04247981"
Básico,Presencial,26-35,"8,563196509","5,695152016","49,77559059",Sim,"8,405056841","3,325580279","47,54340488"
Premium,E-mail,51+,"13,0025911","7,162579537","58,08222823",Sim,"4,975713598","3,082009571","40,60457483"
Premium,Presencial,26-35,"9,454997827","6,862218378","57,45095201",Sim,10,"3,300555921","52,34862912"
Básico,E-mail,18-25,"7,790388397","7,190753533","53,32090099",Não,"5,276697313","2,795950449","45,10296445"
Básico,Chat,26-35,"15,97094845","8,377861777","65,50806418",Não,"6,940974789","3,701710574","42,32551839"
Intermediário,E-mail,18-25,"15,38548935","8,737998519","67,79862716",Sim,"9,017775339","3,669385076","48,02781838"
Básico,E-mail,51+,"7,872616188","7,951769569","68,31222811",Sim,"8,829129882","5,017409487","52,24363686"
Intermediário,Telefone,36-50,"4,758971294","7,776498565","58,10808184",Não,"8,584394371","3,736558777","49,97183101"
Intermediário,Telefone,36-50,"10,74523825","6,840623594","48,76596984",Não,"4,799706336","5,346958025","40,70697538"
Básico,Presencial,36-50,"17,03527778","6,059426509","45,59630705",Não,"3,806467771","3,843500091","25,73422403"
Básico,Chat,36-50,"14,39692831","7,485244467","60,27137852",Sim,"9,322015076","4,717708395","43,50339543"
Intermediário,Telefone,18-25,"1,571382628","5,681266265","44,9747371",Sim,"6,388170862","3,470769583","57,97122749"
Intermediário,E-mail,18-25,"1,509262771","6,563757294","49,64511726",Sim,"7,009340091","3,104437506","53,70783579"
Intermediário,Chat,36-50,"10,7072614","8,718325462","67,12052071",Sim,"7,415149699","3,403619743","46,92581624"
Intermediário,Telefone,36-50,"14,21307942","6,932022274","51,74084429",Sim,"3,001024766","4,495243862","41,52682114"
Básico,E-mail,36-50,"9,365948718","6,158130525","53,03093815",Não,"6,253633353","3,551290366","45,17958826"
Básico,Telefone,36-50,"7,651618004","6,096418933","48,31007997",Sim,"8,288540532","3,835632439","49,7142359"
Intermediário,Telefone,36-50,"16,4070294","7,86461349","66,73720196",Não,"7,570122504","0,9272993504","48,14669152"
Premium,E-mail,26-35,"17,67998817","8,56534766","64,36831327",Sim,"9,005890635","2,707271732","44,77361967"
Básico,Presencial,36-50,"10,528901","7,717253991","67,83821534",Não,"5,622235664","3,376835556","49,22656362"
Básico,Presencial,26-35,"9,223678787","8,502857932","66,54248395",Sim,"6,347808185","2,695339064","53,66225933"
Premium,E-mail,51+,"11,16332357","7,950513997","64,56635821",Sim,"6,577700722","3,301981691","54,77918074"
Premium,Chat,26-35,"8,66967654","6,823609661","55,15857528",Sim,"5,984608795","4,037837405","54,68321954"
Premium,Presencial,36-50,"6,494722661","6,865120713","55,79323181",Sim,"5,570960224","3,769629971","48,99369976"
Básico,Telefone,26-35,"3,688615238","6,318312277","44,20282934",Sim,"4,579770133","3,044934095","56,62610724"
Básico,Presencial,51+,"8,216433244","9,27023857","70,16638402",Não,"5,995640376","3,788201533","43,67242362"
Intermediário,E-mail,18-25,"12,66166547","5,357611853","41,72861445",Sim,"3,848624386","3,065899677","47,34683657"
Intermediário,E-mail,18-25,"17,60421472","7,849366348","57,24591253",Sim,"3,551940272","4,427413928","43,93672056"
Básico,Chat,51+,"9,709226676","7,549964735","63,88496976",Sim,"5,423571374","1,888255782","45,68321802"
Intermediário,Presencial,51+,"12,86669044","6,470572239","46,76643174",Sim,"3,866864082","5,13902318","38,72940278"
Intermediário,E-mail,18-25,"12,8155487","8,048429837","62,01947351",Não,10,"1,451755577","47,48572773"
Intermediário,Presencial,51+,"11,91296705","6,628484164","57,54397353",Não,"7,194261662","2,354689361","42,44079828"
Intermediário,Presencial,18-25,"10,0040329","7,924172427","65,06324849",Não,"8,307563308","3,460041674","49,73675651"
Básico,E-mail,18-25,"10,17667846","7,193794058","56,45107643",Sim,"5,469553854","5,025432154","44,37495549"
Básico,E-mail,18-25,"11,63257211","6,986053899","60,51882217",Sim,"3,496118512","2,731453749","44,63581618"
Intermediário,Telefone,36-50,"9,159245684","7,526675598","62,27791916",Sim,"5,543921791","3,554412753","48,2374701"
Intermediário,Chat,26-35,"5,796737604","8,295765419","69,29489419",Sim,"8,859172326","2,400850066","62,76565907"
Intermediário,E-mail,18-25,"7,196376538","7,134667903","61,35058415",Sim,"8,65254372","4,201642125","55,79136892"
Premium,Presencial,51+,"14,41583914","5,750666212","43,03190862",Sim,"4,838668156","1,58965635","41,2917294"
Básico,E-mail,18-25,"8,201087547","5,45267832","39,2850486",Sim,"2,571350404","3,547697463","48,94828355"
Premium,Chat,36-50,"9,042201194","5,775903224","55,10380071",Sim,"5,792453399","4,432910207","57,84958445"
Intermediário,E-mail,18-25,"16,35243224","8,037863107","74,32843039",Sim,"5,907823687","4,01937489","48,5325425"
Intermediário,Telefone,36-50,"12,13639343","7,592162746","55,97588978",Sim,"8,16542842","3,957926211","54,99625758"
Intermediário,Telefone,26-35,"7,382145001","5,51956238","45,68710684",Sim,"5,254102663","3,229928325","44,87534741"
Básico,Presencial,18-25,"15,41969368","6,336800805","56,27048916",Sim,"3,370104836","2,055957379","36,82886532"
Básico,E-mail,26-35,"10,99017111","6,853493352","55,26310523",Não,"7,858718314","4,371204093","31,81179426"
Premium,Chat,26-35,"11,18217744","8,939507294","75,765708",Sim,"5,001067818","2,224670816","54,30274166"
Básico,Chat,18-25,"13,2534033","9,812793314","69,1479905",Não,"7,133855933","3,868837987","38,73067456"
Intermediário,Telefone,51+,"9,971421978","9,320134357","71,54128883",Sim,"6,125711759","2,259751979","56,97781973"
Intermediário,Telefone,26-35,"9,80782725","7,580076093","62,51934473",Sim,"5,610972922","2,881115269","56,55338671"
Premium,Telefone,26-35,"11,23535055","9,114926622","72,694556",Sim,"7,115066327","2,313240472","57,15631012"
Básico,Presencial,51+,"8,62905812","5,872714942","42,64350888",Sim,"7,497653817","1,273501499","47,10105585"
Intermediário,Presencial,36-50,"8,369997502","9,42832618","76,44495535",Sim,"4,633382549","3,264165383","52,51077676"
Básico,E-mail,26-35,"13,77447477","6,791552326","48,14750466",Sim,"5,911442517","4,041568343","43,90356179"
Premium,Presencial,51+,"12,8827032","5,524801057","48,61992079",Sim,"8,662188484","3,416865435","47,55699329"
Básico,Telefone,18-25,"10,25081205","3,707058114","25,34640008",Sim,"5,963743817","3,349181826","39,09013079"
Básico,Telefone,18-25,"14,0388142","8,131020805","67,65549035",Não,"3,500827499","2,309150742","39,58768769"
Premium,E-mail,51+,"3,392921992","5,097398192","39,04619177",Sim,"4,140570751","4,684502966","49,68094215"
Premium,Chat,36-50,"3,720688904","6,129521696","53,50865136",Sim,"8,004464402","2,204363667","60,49550598"
Básico,E-mail,36-50,"9,446468836","7,169653987","56,74200197",Sim,"5,590557143","4,220489462","47,37125657"
Intermediário,Chat,18-25,"9,19985952","7,999790793","72,2621784",Não,"6,880225864","4,638924206","51,16552686"
Premium,E-mail,18-25,"14,04169623","8,106889199","71,89148405",Sim,"9,500366681","3,986604898","52,10334511"
Básico,E-mail,51+,"8,361345112","6,397270954","56,59223932",Sim,"8,817875811","1,406164927","48,01890853"
Intermediário,E-mail,36-50,"4,051231183","6,761327689","56,74847518",Sim,"6,748709646","2,956452455","63,4887852"
Intermediário,Telefone,26-35,"10,8823199","6,079756707","50,21846623",Sim,"5,923596917","2,955975791","50,55636989"
Intermediário,Presencial,18-25,"6,349220846","7,440532644","51,93593844",Não,"7,126411122","4,320130233","49,33214669"
Básico,Presencial,51+,"13,66996886","7,185057628","55,92071918",Não,"5,297794761","2,351400025","36,17399598"
Premium,Chat,26-35,"4,168962092","8,155315464","62,12297211",Sim,"6,846152145","3,334219982","54,14862055"
Intermediário,E-mail,36-50,"1,933456757","5,743387464","47,79436964",Sim,"8,580741905","2,976732097","57,97473091"
Básico,Telefone,26-35,"9,223942752","4,747479783","41,28637575",Sim,"5,254001979","2,992248953","41,62276981"
Intermediário,E-mail,36-50,"7,075211113","9,584166309","76,34545479",Não,"8,408696628","3,227802583","56,06033544"
Intermediário,E-mail,51+,"17,75286656","4,863073316","42,15887141",Não,"8,265506185","3,1219448","39,57754597"
Básico,E-mail,36-50,"6,292836877","6,892147187","60,7787401",Não,"7,937119234","3,844952866","53,28233914"
Intermediário,Telefone,26-35,"9,36382082","4,76225839","37,21656939",Não,"7,804484775","2,488859224","42,94143194"
Intermediário,Presencial,26-35,"11,24453094","7,354713592","56,00061669",Sim,"5,58069256","4,965046156","44,08217684"
Intermediário,E-mail,36-50,"12,94573905","6,493898862","59,40598789",Sim,"8,34564502","4,228312746","43,76418938"
Premium,Telefone,26-35,"8,091935827","5,114867709","45,32942011",Não,"7,520831771","3,010252374","49,83934165"
Básico,E-mail,26-35,"15,85425834","5,114377384","34,19885509",Sim,"1,471234033","2,015347409","43,63613444"
Intermediário,Presencial,26-35,,"6,047910569","48,38647058",Não,"7,159426474","2,972633266","47,33798442"
Básico,E-mail,18-25,"13,46463196","7,29798383","66,19642093",Sim,"7,571728699","3,03673272","46,96853196"
Básico,Presencial,18-25,"11,69716374","6,611832363","48,73688429",Sim,"7,14477093","3,493216988","38,12265709"
Premium,E-mail,36-50,"5,635352822","5,59811163","40,2618911",Sim,"6,362578339","2,941702056","52,04672065"
Básico,Telefone,36-50,"9,768396191","6,809544132","52,73150809",Sim,"7,717336003","1,735407986","42,49538998"
Básico,Telefone,26-35,"15,76065926","5,559321821","52,48492862",Sim,"5,412598105","4,63762598","44,00125872"
Básico,E-mail,51+,"7,399524914","5,906631143","43,90694865",Não,"9,120574218","2,343556844","45,40766495"
Básico,Telefone,51+,"7,360669403","4,639204125","36,23769437",Sim,"7,387255581","2,055683939","59,03470942"
Intermediário,Chat,18-25,"14,26953988","6,280007952","47,64600974",Sim,"5,57367708","1,026494212","46,70040973"
Intermediário,E-mail,26-35,"8,310725489","5,362908615","39,33493784",Sim,"8,219944734","1,556015257","53,16875489"
Básico,Telefone,36-50,"9,36177733","7,832088375","64,92823648",Sim,"9,156207278","1,841355898","64,05892837"
Intermediário,Telefone,18-25,"13,45736579",10,"79,30078404",Não,"4,933026035","2,862879621","43,12035133"
Premium,Presencial,18-25,"10,68688737","8,349108801","73,57406214",Não,"4,697102639","4,454964946","48,25463646"
Básico,Telefone,51+,"8,110461116","6,35259412","43,48580607",Sim,"4,922961974","2,821010081","40,33750558"
Intermediário,Presencial,51+,"15,97554253","8,135199695","72,17190388",Sim,"2,693865651","3,330591716","43,65961389"
Premium,E-mail,26-35,"8,242765897","8,123385503","60,51525612",Sim,"6,033668368","2,938770675","54,19053317"
Intermediário,E-mail,18-25,"13,248347","8,490240696","65,1928328",Sim,"3,208811611","4,844573337","40,74830077"
Básico,E-mail,51+,"12,52163169","9,278810644","71,45951783",Não,"8,917803482","3,152831915","44,95367802"
Básico,Presencial,36-50,"8,285088309","6,351798357","54,74920461",Sim,"7,362373119","3,543457335","51,99210784"
Básico,Presencial,26-35,"20,23564961","7,910982416","72,378877",Não,"5,805010281","3,142974938","44,10880959"
Intermediário,Chat,26-35,"8,900860405","7,14802656","52,8156327",Não,"4,497779614","1,973697419","35,53818457"
Intermediário,Presencial,26-35,"3,125378066","4,873749092","42,26550918",Sim,"7,855974136","3,113182259","49,60746372"
Premium,Telefone,18-25,"9,286155811","6,651306012","56,33234075",Sim,"7,497258207","2,562547308","57,50886021"
Básico,Chat,26-35,"11,30739661","7,140194136","55,67901232",Sim,"5,968493181","4,356049281","54,56177739"
Básico,Presencial,26-35,"14,07702841","5,734167556","38,26101777",Sim,"9,628346638","2,244901112","37,17878796"
Premium,Chat,26-35,"12,83843569","8,383094048","62,77716139",Sim,"2,958983784","3,105578701","44,85661624"
Básico,E-mail,26-35,"7,753042404","8,492567563","70,90211452",Sim,"6,465067677","3,687726317","59,1440572"
Intermediário,E-mail,51+,"18,4928753","9,373868268","75,22026509",Sim,"6,910929541","3,32063911","40,5724445"
Intermediário,Chat,51+,"16,73310765",10,"85,8782891",Sim,"7,71242212","2,473418754","57,82630826"
Premium,E-mail,26-35,"7,882969774","6,647430738","49,13468859",Sim,"4,40633451","2,621895955","46,88623522"
Básico,Telefone,26-35,"3,41506706","6,991509379","56,01379919",Não,"8,367010532","4,165345215","40,29441781"
Intermediário,Presencial,26-35,"6,950466906","7,980091293","70,29966929",Sim,"5,610360687","2,53061012","54,62800243"
Intermediário,Presencial,18-25,"12,34319901","5,905292548","37,7844146",Sim,"8,042680316","3,464026376","48,39319846"
Intermediário,E-mail,51+,"7,47325359","9,55187452","71,89029816",Sim,"5,534407959","3,984106216","53,40277124"
Básico,Telefone,18-25,"13,17197658","6,825359656","53,47156107",Sim,"4,305186953","3,347282302","42,45130849"
Intermediário,Presencial,51+,"5,970545386","7,105845887","58,43196789",Sim,"3,966329246","1,374015569","56,0586388"
Intermediário,Chat,26-35,"5,015369624","5,911035334","45,6579216",Sim,"8,833132134","3,821407163","51,90624732"
Intermediário,Presencial,18-25,"12,47545121","9,095884661","78,17365075",Sim,"6,564466931","4,623636729","60,92998678"
Básico,Presencial,26-35,"10,4077063","6,518484765","54,64005366",Sim,"3,951930921","3,369118124","48,67849355"
Intermediário,Telefone,51+,"8,644531848","7,176135274","65,80093109",Sim,"6,243217614","3,247271936","55,65555576"
Intermediário,Chat,36-50,"9,459549956","7,630673231","53,99329884",Sim,"4,948454291","3,543087857","42,84665226"
Premium,E-mail,18-25,"8,447064157","9,470998986","78,74642659",Sim,"3,798509694","1,796587979","58,0354233"
Básico,Telefone,51+,"2,305857367","8,96611043","69,25516673",Sim,"7,09393868","2,823719628","52,47726168"
Básico,Telefone,36-50,"4,412340093","8,352976143","67,89420431",Não,"5,274056833","2,52124982","47,97153768"
Básico,Telefone,26-35,"12,87225908","6,44296152","43,99804785",Não,"4,792540994","4,859852781","30,95923046"
Premium,Telefone,26-35,"12,55014205","7,389743339","53,87190974",Sim,"8,890671974","4,406664669","45,35809503"
Intermediário,E-mail,51+,"20,90179315","9,071923116","78,62217083",Sim,"6,87050273","3,853349157","42,29013403"
Básico,Telefone,26-35,"4,036839568","7,349401919","66,15168292",Sim,"7,306808023","2,508855364","57,27848733"
Básico,Chat,18-25,"8,443895434","6,295964116","47,97716534",Sim,"9,647185125","3,54838042","52,63668957"
Intermediário,Telefone,26-35,"9,845796362","9,403363774","75,18655207",Sim,"6,926184559","1,385102307","62,02678769"
Intermediário,E-mail,26-35,"12,25580127","8,150510617","55,84784046",Sim,"3,49748586","3,969196591","42,00471501"
Básico,E-mail,26-35,"5,778334761","8,51545214","68,507162",Sim,"7,385301504","3,571934538","60,55654328"
Intermediário,E-mail,51+,"10,87243587","7,844605343","61,02037736",Sim,"9,538880654","3,497771765","55,85588229"
Intermediário,E-mail,18-25,"6,825362926","5,358998233","51,45369758",Sim,"5,464431103","2,84431637","58,91711076"
Básico,Telefone,51+,"10,00996856","6,713118954","56,32607834",Sim,10,"3,97170739","54,54868237"
Premium,Presencial,26-35,"3,651050663","6,835196671","62,59158287",Sim,"6,986884081","4,677015759","60,79272371"
Básico,Chat,18-25,"6,381264386","9,885560627","80,45729822",Sim,"7,002268902","1,347309032","49,18991756"
Intermediário,Telefone,36-50,"6,949068683","6,584472424","56,16478517",Sim,"7,348637472","3,25792117","55,00314737"
Intermediário,Chat,26-35,"11,59489181","6,017682679","52,11934901",Não,"8,668970689","3,578158458","40,33100155"
Básico,Chat,26-35,"14,64777717","4,936492965","29,05749883",Sim,"4,484911262","1,904351695","35,95659195"
Básico,Presencial,36-50,"6,442275507","5,88102268","51,37482531",Sim,"9,349516855","4,003138663","55,84483326"
Básico,E-mail,51+,"6,372900384","7,05542009","59,03258945",Sim,"9,584792266","4,603720358","53,15987093"
Intermediário,Chat,36-50,"9,779648005","6,193710062","53,44664731",Sim,"9,39747287","4,497926047","51,67768393"
Básico,Telefone,26-35,"8,557643819","9,323153639","74,95796292",Não,"7,241848699","3,389344397","53,35043535"
Básico,E-mail,51+,"10,164422","6,215265354","49,99912661",Não,"1,428211671","4,71641222","34,31832616"
Básico,Telefone,26-35,"7,626335964","5,956268376","44,66992148",Sim,"6,495872223","3,404116634","54,24122894"
Intermediário,E-mail,26-35,"8,009238478","5,475705787","32,80240066",Não,"7,726741384","2,737543195","39,65265146"
Intermediário,Presencial,26-35,"7,954384994","8,319055973","60,72095074",Sim,"8,10155917","2,773135856","51,53371375"
Premium,Telefone,51+,"9,355441214","8,429760653","67,05781579",Sim,"7,039264719","3,744557748","54,61948472"
Intermediário,Chat,26-35,"10,1306417","4,916101848","33,73047406",Sim,"9,336676197","4,063115132","48,2478357"
Premium,E-mail,26-35,"12,59001916","5,084937628","37,27955823",Não,"8,179463648","1,947032277","47,74829172"
Intermediário,Presencial,26-35,"10,80858968","8,375775134","70,59283966",Sim,"6,501623059","3,432898431","51,4412946"
Premium,Chat,51+,"11,7303454","9,621135825","80,17429396",Sim,"5,273915125","2,521157723","58,70394946"
Premium,E-mail,18-25,"6,206866653","5,797241935","46,33291021",Sim,"4,727636845","3,296207611","56,87943786"
Básico,Presencial,18-25,"9,736775975","4,519878737","41,93957485",Sim,"9,311875526","2,0766002","48,14867352"
Básico,Presencial,18-25,"10,60230584","7,187178316","59,18988508",Sim,"7,064191867","2,232631475","49,70092672"
Básico,Chat,51+,"5,169652667","9,042699756","71,37961943",Sim,"9,212417798","3,05005954","55,32927086"
Premium,Presencial,18-25,"6,982278491","5,837804176","47,7585675",Não,"2,619147213","1,525329385","50,86378549"
Intermediário,Chat,26-35,"8,024244582","5,211810818","37,29086074",Sim,"5,16239032","2,360936712","44,74090044"
Intermediário,Chat,26-35,"10,10422019","9,122779983","71,67638918",Sim,"2,376663028","0,5","59,23741641"
Básico,E-mail,18-25,"1,004022829","6,301307025","43,04673957",Sim,"7,634654906","2,90105994","51,91395262"
Básico,Presencial,18-25,"15,33541683","6,065326653","46,40840843",Sim,"8,09830015","4,854928575","39,07143202"
Básico,Presencial,26-35,"11,28451146","7,024290958","64,83861068",Sim,"4,881335988","1,980928324","54,18650233"
Premium,Chat,26-35,"12,40920382","6,699190672","52,71052098",Sim,"8,432204815","3,137850122","59,18652364"
Intermediário,Chat,26-35,"11,91977869","7,692501626","59,76588057",Sim,"8,864569747","2,194784294","52,6651099"
Básico,Presencial,36-50,"10,8600152","8,799214277","78,40194417",Não,"8,906224233","3,476193493","58,23190493"
Intermediário,E-mail,18-25,0,"5,655436087","41,96385071",Sim,"4,860989567","3,439830977","52,30789465"
Premium,Presencial,26-35,"10,18546119","4,544545979","29,85465197",Sim,"5,931926981","3,390487667","47,25736667"
Intermediário,E-mail,26-35,"9,796226641","8,865372276","72,90736892",Sim,"8,962164165","3,214056494","55,28299823"
Premium,E-mail,26-35,"2,758144404",10,"81,59563352",Não,"6,580330123","3,936939708","68,66054306"
Intermediário,Presencial,26-35,"13,15390319","6,501164709","47,3597975",Sim,"9,795456422","1,434803569","47,03618577"
Premium,Chat,51+,"4,098038011","8,409547764","63,06647079",Sim,"8,957784149","2,741554114","71,6049448"
Intermediário,E-mail,26-35,"8,609866093",,"54,28523014",Não,"8,646236577","2,906335821","49,39794633"
Básico,Telefone,36-50,"3,626676189","5,24758685","38,53159912",Sim,"4,422962099","1,539294564","49,92408678"
Intermediário,Chat,18-25,"7,961796808","6,929320678","60,81722257",Sim,"8,097845518","3,247107249","52,70635354"
Premium,Chat,26-35,"14,09279611","8,501683235","71,6017769",Sim,"6,684417969","3,468646963","50,05801876"
Premium,Chat,18-25,"9,838082697","8,250182486","48,56244658",Não,"9,273822937","2,704063444","45,69424459"
Intermediário,Presencial,36-50,"8,701112787","7,629878975","59,65392311",Sim,"4,634621118","2,578678446","48,90744701"
Básico,E-mail,18-25,"15,25037032","7,257048927","56,8438599",Sim,"6,638020889","4,709162827","43,61612452"
Intermediário,Telefone,51+,"15,60102704","7,70964661","61,24161549",Sim,"7,241249023","4,022715578","49,60956862"
Premium,Presencial,26-35,"8,73026761","7,197382792","65,1276595",Sim,"7,482360004","1,292496","59,96434995"
Básico,Telefone,51+,"7,028390084","6,324298297","55,13080214",Sim,"5,809363006","2,686625739","52,08474947"
Intermediário,Presencial,18-25,"11,95090642","8,21015973","71,76501645",Sim,10,"2,731647483","56,88319004"
Intermediário,E-mail,36-50,"11,8974185","7,626985892","60,69221267",Sim,"7,443011671","3,223132079","44,33236843"
Intermediário,Telefone,26-35,"14,76115158",10,"77,47634819",Sim,"4,241092951","2,989950271","49,69167007"
Básico,Chat,36-50,"5,598242473","7,368897145","62,40745493",Sim,"1,650036818","3,322783718","51,51394104"
Intermediário,Telefone,36-50,"9,951886783","7,268162981","60,52968926",Não,"6,699996534","2,963092957","50,92444701"
Intermediário,Presencial,18-25,"11,85033567","8,990245386","73,62355703",Sim,"8,091068964","3,904484327","54,48676101"
Intermediário,Telefone,36-50,"6,690259314","5,089049233","41,00023607",Sim,"7,892267529","4,111387793","47,21677767"
Básico,E-mail,51+,"4,802245598","8,448709522","57,46677898",Sim,"6,552229179","0,7784918333","57,58840141"
Premium,Telefone,36-50,"2,422943323","5,182347724","38,32651179",Sim,"5,746168564","4,593279333","51,86829736"
Intermediário,Telefone,26-35,"9,814116847","8,575925382","52,11923483",Sim,"5,854323384","2,216199775","45,00487759"
Intermediário,Chat,26-35,"9,841154247","7,78487147","70,28597526",Sim,"8,096159396","0,7789053264","53,25601884"
Intermediário,Presencial,51+,"8,200808521","7,750151587","60,02727943",Sim,"5,819319091","4,294423507","55,85082926"
Básico,Chat,26-35,"9,695276621","4,359323462","39,37375345",Não,"9,671573464","2,891150501","45,54389596"
Básico,E-mail,18-25,"3,852413801","5,266934791","43,24858776",Sim,"5,439884723","4,3916991","52,79974086"
Premium,E-mail,51+,"13,15580344","9,955676795","75,842739",Sim,10,"2,644174999","56,49566743"
Intermediário,Presencial,36-50,"10,66926581","6,982730342","52,14083532",Sim,"7,231885212","4,010651053","45,08773547"
Básico,E-mail,18-25,"7,584268849","4,50321218","35,33312557",Sim,"6,64353056","1,244796734","60,92391945"
Intermediário,Presencial,26-35,"8,335222689","6,694819253","55,13585897",Sim,"3,701917623","3,5570007","45,25358267"
Intermediário,E-mail,26-35,"13,17992162","6,501486631","55,61367793",Sim,"8,731006676","1,808822622","45,57451376"
Básico,E-mail,18-25,"8,503062986","9,738216831","74,86441952",Sim,"6,263534614","3,956621191","56,70171827"
Premium,Chat,36-50,"18,44677347","7,037462961","56,79132036",Sim,"5,063229279","2,826443492","44,033274"
Básico,Telefone,26-35,"14,07638175","9,852571683","68,8166707",Não,"4,291060768","3,575262821","42,02150614"
Básico,Presencial,36-50,"7,024652314","7,515192301","53,86965237",Sim,"6,484198881","3,088844441","43,20645962"
Intermediário,Presencial,26-35,"5,704653231","5,291268412","38,67215343",Não,"5,575865768","1,742179327","47,38196887"
Intermediário,Presencial,51+,"12,58346413","7,428634064","62,74766899",Sim,"8,455400019","3,187681943","43,87243235"
Premium,Presencial,36-50,"9,991201928","6,343257905","59,12525523",Sim,"7,267522927","3,182371632","53,87065642"
Intermediário,Chat,36-50,"12,68966518","8,130154391","72,75119183",Sim,"4,453931181","1,959419392","49,24304042"
Intermediário,Presencial,51+,"6,10620143","7,307460499","72,04323221",Sim,"5,551592508","2,592819078","60,69770593"
Premium,E-mail,51+,"10,37105503","6,532491038","57,2685101",Não,"6,424397481","3,078005875","48,93724693"
Básico,E-mail,26-35,"9,742123898","9,822506463","92,53067421",Sim,"7,056115297","5,801103677","55,30040164"
Intermediário,Chat,26-35,"13,91624619","5,257503576","41,81193608",Sim,"5,199374857","2,83995545","40,8524689"
Básico,Presencial,51+,"11,00799842","5,126173402","44,19160151",Não,"9,018891615","1,34380378","44,91362233"
Intermediário,Chat,36-50,"8,622552926","5,884837744","49,03035993",Sim,"5,510855039","3,064249782","53,52995003"
Intermediário,Chat,26-35,,"6,521123738","54,73832061",Sim,"6,228059059","2,764578842","54,68832851"
Básico,Chat,51+,"10,7677755","5,24817114","34,82334847",Sim,"7,14695798","2,516552387","42,40394597"
Intermediário,Chat,36-50,"7,49638037","8,119278098","58,81459949",Não,"6,887695931","3,716512433","51,62236692"
Básico,E-mail,18-25,"10,93629163","5,969147263","49,67867271",Sim,"4,959423982","3,347566107","42,90005348"
Premium,E-mail,51+,"4,40492958","6,66987731","48,98979005",Sim,"6,606852205","3,233658699","59,12675491"
Intermediário,Chat,51+,"8,322859543","5,804026384","38,47667205",Sim,"8,54650247","3,745561479","49,16060674"
Premium,E-mail,36-50,"13,6952461","7,979377152","63,52877249",Sim,"3,74775751","2,477828396","48,53832606"
Intermediário,Telefone,26-35,"9,731048525","8,509584993","66,17111394",Sim,"5,048321102","3,237879124","50,95217123"
Básico,Presencial,51+,"14,84723528","7,224335699","53,48349177",Não,"9,246189111","4,748969447","40,03443017"
Básico,Telefone,18-25,"10,06696921","8,247712429","62,08400848",Sim,10,"3,466944081","54,62096111"
Básico,Presencial,51+,"13,94901584","6,154610713","47,26362574",Sim,"7,437020138","0,967798709","44,0087722"
Premium,E-mail,51+,"11,28458948","6,458130302","54,1227435",Sim,"1,274344605","3,765379014","48,77514425"
Básico,Chat,51+,"7,745883345","7,635174384","54,87978772",Não,"7,688293197","1,07316486","48,98033802"
Básico,Telefone,36-50,"13,44817547","7,910189246","67,29644972",Não,"6,35412761","1,13900388","47,09898627"
Básico,Presencial,18-25,"13,68330612","4,708928411","48,56977915",Sim,"8,120054872","2,517593098","49,77585613"
Intermediário,E-mail,36-50,"6,103135394","8,721925205","64,35418073",Sim,"6,017112338","4,153284672","50,94109585"
Intermediário,Chat,51+,"10,97501307","6,073703777","48,38173181",Sim,"4,146197184","2,840091852","44,14158747"
Intermediário,Presencial,26-35,"15,96770728","6,646755542","45,62444388",Sim,"5,570454611","3,098950986","44,39750064"
Premium,E-mail,26-35,"10,667305","6,965393531","67,66124624",Não,"6,070600071","2,364464645","53,28106713"
Básico,Telefone,18-25,,"5,117137551","44,03185788",Sim,"4,954470703","2,234131954","37,74154552"
Básico,Chat,51+,"15,41383695","8,107690389","67,55832253",Sim,"8,200616071","4,321888814","45,45159879"
Básico,Chat,36-50,"10,79814803","6,696430863","51,69262972",Sim,"6,458115113","2,343849597","54,30507276"
Intermediário,E-mail,18-25,"3,176465388","7,102512908","62,00575847",Sim,"6,667995686","2,778770212","52,45561835"
Básico,Chat,18-25,"9,242447505","6,368059586","56,39356386",Não,"5,035147923","1,737555084","36,31628893"
Básico,Presencial,18-25,"13,29593221","7,724522196","56,58637613",Sim,"7,805853063","3,082157437","43,4317788"
Intermediário,E-mail,18-25,"5,949749658","7,594856673","61,81547525",Sim,"6,278736073","2,849610532","54,88440905"
Básico,E-mail,36-50,"8,720650872","8,529319588","65,19319188",Sim,"8,492172627","4,022699462","53,7007439"
Premium,E-mail,51+,"8,221133522","6,012599609","51,4047097",Sim,"5,672531379","1,723977215","48,54025546"
Básico,Chat,51+,"0,6518680899","8,947893033","74,16210039",Sim,"5,746124014","2,227139857","55,82365782"
Intermediário,Presencial,26-35,"13,22892412","7,059554817","51,31050665",Não,"6,243548175","4,00169439","39,38596428"
Premium,E-mail,36-50,"6,04601413","4,736039852","37,78075556",Não,"4,232106352","2,003832902","50,14333508"
Intermediário,Chat,51+,"4,605931956","5,948916696","50,0469383",Não,"9,329648458","3,390403233","54,45961634"
Intermediário,Presencial,51+,"7,127425614","7,849853155","61,58131231",Não,"9,903361376","4,037543487","43,66016047"
Básico,E-mail,51+,"7,871985825","5,347933657","34,17107747",Sim,"5,383388776","3,792310601","41,78373435"
Básico,E-mail,18-25,"11,14245902","4,197717481","33,34992251",Não,"7,206713628","0,8447902808","41,95160197"
Premium,Presencial,36-50,"3,745736371","6,604536443","52,96520541",Sim,"6,949936439","4,364089848","53,165361"
Básico,Telefone,26-35,,"7,762029897","67,07641653",Sim,"6,19577787","1,623673249","51,82968178"
Intermediário,Presencial,51+,"7,817190247","8,443059984","62,42347522",Sim,"7,176837915","4,084352402","55,68740367"
Básico,Telefone,26-35,"10,15581094","4,707927112","42,93349348",Sim,"7,13672268","3,989101252","42,40905118"
Básico,Presencial,26-35,"14,20527441","7,9825612","64,92597424",Não,"5,512862176","1,366791041","49,4742824"
Premium,Chat,18-25,"7,888819577","6,189434933","56,4161647",Sim,"6,186742025","2,664517111","62,06149417"
Básico,Chat,36-50,"11,2439597","5,633567849","48,2836052",Sim,"7,631811634","3,784607821","45,15639881"
Básico,E-mail,51+,"14,53417585","6,208712915","49,48868609",Sim,"7,454816966","1,410109658","40,73932852"
Intermediário,Presencial,36-50,0,"6,808683781","45,06212793",Sim,"4,579594718","2,753594096","45,57283305"
Intermediário,Presencial,36-50,"9,087394571","7,019547612","48,18794705",Sim,"9,482756236","1,90440234","53,87344579"
Básico,Chat,26-35,"13,2359069","6,764743096","56,57349589",Sim,"6,719005152","4,85659169","43,09303456"
Intermediário,Presencial,51+,"9,258523916","5,743558216","48,60007913",Sim,"8,512808275","3,578434672","58,16433563"
Intermediário,Presencial,51+,"12,9982375","7,38604923","60,8534665",Sim,"5,224772154","4,488806865","54,22620342"
Intermediário,Presencial,26-35,"9,246497667","7,399173227","60,74432686",Sim,"5,621395451","2,314216486","48,34113849"
Premium,Chat,26-35,"13,42316838","7,308339967","58,40603434",Sim,"6,824846171","5,52661827","48,15451198"
Intermediário,Chat,36-50,"10,6468872","6,551621636","46,07340012",Não,"7,19382349","2,242162614","42,60113658"
Básico,Chat,18-25,"8,570558498","7,233701318","55,60087881",Não,"7,494791905","3,853978517","53,54986476"
Intermediário,Chat,36-50,"10,38048076","4,787299439","37,16043599",Sim,"7,579221268","2,448541936","53,81139382"
Básico,Chat,18-25,"8,213869175","5,95652568","50,15851528",Sim,"4,788975587","1,349759851","48,98602715"
Intermediário,E-mail,36-50,"15,57849054","4,660860943","42,10153878",Não,"8,12647965","4,414992881","34,70049664"
Básico,E-mail,18-25,"14,95558593","5,626226562","42,98925167",Sim,"6,02715555","2,670740554","44,98886712"
Intermediário,Telefone,26-35,"11,91262337","6,496373325","49,12755339",Sim,"7,163914699","2,232125132","42,86495095"
Premium,Presencial,51+,"8,488764896","9,979559651","70,68704993",Sim,"2,575936904","2,908408911","56,59300573"
Intermediário,Telefone,51+,"7,760293864","7,023090148","59,16618292",Não,"6,654338092","2,375211627","55,72952006"
Premium,Telefone,36-50,"6,489664519","6,682909317","48,66346695",Sim,"6,537534842","3,530220012","54,60547736"
Intermediário,E-mail,36-50,"7,528607725","6,07410589","44,8113704",Não,"5,700715992","4,65648912","40,75985248"
Premium,Telefone,36-50,"9,003402997","5,787744184","38,78797855",Sim,"8,428705018","1,75478988","51,77750066"
Intermediário,E-mail,36-50,"11,50724745","6,328162211","53,38087783",Sim,"5,618262364","1,383319406","50,05742962"
Básico,Telefone,36-50,"18,33392361","8,754361986","62,16163032",Não,"9,289236179","3,163973688","38,03943957"
Básico,Telefone,18-25,"13,03357329","8,706060906","59,12803308",Sim,"5,725891409","3,454986348","44,12258293"
Intermediário,Telefone,51+,"7,402555121","6,528149029","50,46864918",Sim,"6,569961705","2,60672994","54,77419737"
Básico,Telefone,26-35,"14,52380778","7,13497999","47,56796634",Sim,"5,330458026","2,178097241","40,52728446"
Básico,Chat,26-35,"4,524270311","7,348913656","63,86040446",Não,"7,738876326","3,37138568","53,23810199"
Intermediário,Presencial,36-50,"5,952234008","6,388805073","62,5739614",Não,"7,88634419","3,781040626","49,24036975"
Básico,Chat,51+,"5,30726211","6,787403166","51,66436524",Sim,"7,254759824","2,312904147","58,56237199"
Básico,Chat,51+,"9,911173526","7,029503262","65,18259641",Não,"4,976205769","1,968920512","48,31652688"
Básico,Chat,26-35,"2,662906279","8,654198383","58,87289141",Não,"4,575492561","3,593786139","54,14870363"
Intermediário,Presencial,26-35,"15,70410524","7,172113936","56,0976437",Sim,"6,52824565","2,31816103","47,41918923"
Básico,Telefone,26-35,"12,9257435","8,209524743","58,47714211",Não,"5,190255778","3,175564396","41,59264679"
Básico,E-mail,36-50,"14,37844123","9,564005678","80,20562177",Sim,"5,420110664","3,400491111","54,0596344"
Premium,E-mail,26-35,"9,854664034","6,21893386","45,35312632",Sim,"8,711201113","3,493459228","50,65586594"
Básico,E-mail,26-35,"14,220083","8,090787965","69,08992136",Não,"7,673695892","2,541191624","41,62053253"
Intermediário,Chat,36-50,"11,32092929","6,124216403","47,47533105",Não,10,"2,889247337","46,22665765"
Básico,Presencial,26-35,"14,06547659","4,129615252","41,21934881",Não,"7,749820794","2,408213283","41,99095867"
Intermediário,Presencial,26-35,"7,244335998","4,917358887","45,15997064",Sim,"6,433084392","1,574721288","54,24574072"
Intermediário,E-mail,51+,"7,460370564","6,999675407","61,55206687",Sim,"3,93470168","2,435048672","53,8928583"
Básico,Chat,18-25,"11,98470192","8,26196413","70,5800405",Não,"8,209247524","3,926179624","43,18664859"
Premium,Presencial,36-50,"5,62415875","7,211506545","61,96918644",Sim,"4,833891935","3,244244884","54,74408146"
Intermediário,Telefone,36-50,"17,70582108","7,842333795","64,47583496",Não,"9,11733768","2,731874242","36,93116285"
Básico,Telefone,51+,"10,94042926",10,"80,58453686",Não,10,"2,907416508","46,5305999"
Básico,Chat,51+,"12,76277059","4,596324918","42,6992246",Sim,"4,636050156","4,304823709","39,55497201"
Básico,Chat,26-35,"11,19628424","9,537789801","81,86351461",Sim,"4,720985153","4,661565357","53,76154168"
Intermediário,Chat,26-35,"16,96063379","8,198258861","69,35479746",Sim,"8,20373558","3,186739371","51,13748204"
Intermediário,Telefone,36-50,"8,003992956","7,783557283","67,07220978",Sim,"6,268330484","2,7321003","59,52966834"
Intermediário,E-mail,18-25,"9,4936793","6,77338999","56,32879132",Sim,"8,404265912","4,478441683","49,78663826"
Intermediário,Presencial,18-25,"10,53876019","7,687291516","53,77241421",Sim,"8,107160982","2,513474082","48,37493258"
Intermediário,Telefone,36-50,"9,260627174","9,290939889","71,97340236",Sim,"6,462429214","3,142178835","47,18332689"
Básico,E-mail,51+,"10,30035889","7,375220376","55,61523329",Sim,"4,839054906","2,313960441","51,51133408"
Intermediário,Telefone,18-25,"8,201749534","9,301546927","77,83871042",Sim,"9,013294731","1,988823354","63,67480113"
Premium,Presencial,18-25,"13,51283133","7,693474662","51,94471596",Sim,"5,151844845","1,879725571","43,28922342"
Intermediário,Telefone,26-35,"9,323839533","6,717970247","56,3042504",Não,"8,412065229","3,69426013","46,92564504"
Básico,E-mail,26-35,"9,793939965","6,985071423","58,74799655",Sim,"8,065586309","3,48979338","45,19611564"
Básico,Presencial,51+,"10,15367454","8,607253839","72,30898434",Sim,"2,375925841","2,165274514","55,74310467"
Intermediário,Chat,18-25,"6,291005928","5,063535014","32,53911313",Não,"2,66251021","2,305204608","40,27969753"
Premium,Presencial,18-25,"11,94146376","7,29074548","63,73038017",Sim,"4,841827526","3,576585634","47,72056478"
Básico,Telefone,18-25,"8,488368305","7,579720242","51,28168049",Sim,"9,753758118","2,703349672","51,76470421"
Intermediário,Presencial,18-25,"10,87515451","8,392644029","61,15165258",Sim,"5,451510812","2,695530856","48,43361957"
Intermediário,E-mail,36-50,"10,37696328","4,828506098","35,33369399",Sim,"5,994605505","3,65339269","44,6292385"
Intermediário,E-mail,36-50,"11,46377377","6,44595436","46,31041898",Não,"5,57875899","3,057930464","35,18402644"
Básico,Presencial,26-35,"11,6564476","7,950126965","60,28835067",Sim,"1,216083367","3,631156952","44,03850568"
Intermediário,Chat,51+,"11,19248969","4,924509175","41,88890497",Sim,"9,149760129","1,56673468","49,12014812"
Intermediário,Presencial,26-35,"13,35498886","9,27110248","66,55124524",Não,"8,218406368","3,296414729","44,20120425"
Intermediário,Chat,18-25,"7,490938587","5,583789252","43,78045468",Sim,"6,984028632","3,363613448","46,12251202"
Intermediário,E-mail,18-25,"8,300477674","6,683264638","51,93250849",Não,"3,943187788","3,621667418","43,11054009"
Básico,Presencial,51+,,"8,784577037","72,77229017",Não,"9,190709538","2,714873305","46,5345734"
Básico,Presencial,51+,"6,257837239","8,640993469","63,43541676",Sim,"7,784970198","4,928642504","50,32826058"
Básico,E-mail,51+,"14,69057273","4,536483382","41,13260652",Sim,"7,748793127","4,494762102","42,27588795"
Premium,Telefone,18-25,"9,16252396","8,606679178","72,34697831",Sim,"8,110036979","2,6434171","66,37184292"
Intermediário,Chat,26-35,"9,682194736","5,71957778","41,09146627",Sim,"6,7285324","2,371565641","50,61520627"
Premium,Telefone,26-35,"6,456360725","6,067594191","38,54132842",Sim,"7,817450491","4,137937522","49,68186143"
Intermediário,Telefone,26-35,"14,19949967","7,586350552","55,6124949",Sim,"6,686813015","2,566508057","40,45810493"
Básico,E-mail,26-35,"11,56450812","5,469617524","42,08334772",Sim,"8,692642547","3,2824627","37,57647451"
Básico,Presencial,18-25,"11,44019536","5,53779469","43,38834036",Não,"7,75033686","2,432403607","42,20868803"
Intermediário,Telefone,18-25,"8,072141329","5,454313509","50,43936055",Sim,"7,828088362","2,775215106","56,71267899"
Premium,Chat,36-50,"7,072525763","9,169171333","69,3585944",Não,"7,929375545","2,673111415","65,58545443"
Intermediário,Chat,26-35,"7,487219441","6,053749439","51,77613501",Sim,"5,830432899","4,096540225","53,60227165"
Premium,E-mail,26-35,"16,81805697","5,039764935","41,34797288",Não,"7,77191536","1,413515652","43,27624041"
Intermediário,Chat,36-50,"9,659535784","4,102304711","30,85309999",Sim,"8,622430551","1,760297656","47,32354333"
Intermediário,E-mail,26-35,"18,3148341","5,819102335","43,11310189",Sim,"7,294087664","3,343846627","38,70913496"
Premium,E-mail,26-35,"10,19380458","5,93456144","38,40636357",Sim,"4,62896381","3,918571481","45,58756934"
Intermediário,Presencial,26-35,"12,17223701","5,530508528","36,72999315",Sim,"5,428316792","3,011009591","40,28892863"
Intermediário,Presencial,51+,"6,9313948","9,261651593","76,04899928",Não,"5,215845081","3,287507575","53,56286991"
Premium,Presencial,51+,"14,65229825","9,653874382","86,10117395",Sim,"8,327596079","4,715751238","49,66194642"
Básico,Chat,51+,"8,532172169","8,1153193","67,92016652",Não,"7,318862403","3,271390832","45,26547381"
Básico,E-mail,51+,"12,04014981","8,40670776","67,97764362",Não,"5,525950116","4,365813104","41,07689888"
Intermediário,Presencial,51+,"4,831520846","7,193992981","46,54124697",Sim,"8,806870133","2,120924669","53,45463982"
Básico,E-mail,36-50,"12,55425842","9,467794767","80,9825027",Sim,"7,209464626","3,644634638","55,3876703"
Premium,Presencial,18-25,"11,74001281","8,120540219","65,89814953",Sim,"6,913205014","1,886459865","51,41206096"
Básico,Chat,18-25,"0,8845440764","9,310903304","72,00758602",Não,"6,36191144","3,231410992","56,82960083"
Básico,Presencial,51+,"6,753279155","6,914998783","59,42588056",Sim,"3,202759925","2,738237652","52,50591326"
Intermediário,Chat,26-35,"5,894485202","7,28094207","64,02114663",Sim,10,"2,640414645","63,58633146"
Intermediário,E-mail,36-50,"13,61712553","6,647428658","52,35420551",Sim,"5,177630747","4,011168114","43,8019672"
Intermediário,Presencial,36-50,"12,25298256","8,514475599","69,63354597",Sim,"6,17951822","2,985524268","55,73898256"
Intermediário,E-mail,26-35,"6,765191667","6,078968918","51,20340487",Sim,"5,158334996","2,36082138","51,46505684"
Intermediário,Chat,18-25,"9,151432148","7,766280253","65,54674278",Sim,"7,901050696","4,998157945","54,7973403"
Básico,Telefone,36-50,"13,12282168","6,35786904","54,95757359",Sim,"7,51726327","5,103827918","47,65926942"
Intermediário,Telefone,18-25,"3,583610018","5,410888799","47,87443255",Sim,"5,748857655","2,050787842","52,01106139"
Básico,E-mail,51+,"10,11966633","6,53830674","51,19105562",Sim,"5,905255324","4,003423911","38,14463327"
Básico,E-mail,26-35,"11,12707942","7,995093382","68,14621254",Sim,"2,9574799","3,765145081","46,13401385"
Premium,Presencial,51+,"11,70972255","6,401366217","48,71295667",Sim,"9,21034412","3,34890549","51,81721175"
Intermediário,Telefone,18-25,"5,72490974","5,624275487","49,50004073",Não,"5,285984777","3,406585886","46,93754855"
Premium,Presencial,18-25,"7,355808408","6,963119485","60,29389592",Sim,"5,819815381","4,172480758","53,96608473"
Básico,Chat,18-25,"11,77121674","7,20189743","46,57782264",Não,"7,736492937","4,515283812","29,53048612"
Premium,Presencial,18-25,"10,71534093","6,383979043","45,21795375",Sim,"5,363658248","1,577629603","43,06373079"
Básico,Chat,51+,"13,30439988","6,136488925","47,39758089",Sim,"5,509272439","2,863892272","36,64645747"
Intermediário,Presencial,18-25,"13,89260383","6,824706423","54,84890563",Sim,"2,74425725","2,952902898","39,60506846"
Intermediário,E-mail,51+,"10,57647471","7,922997414","66,30231845",Sim,"5,857580403","4,868945778","44,51757356"
Básico,Chat,36-50,"17,17047955","9,553659994","71,15635688",Sim,"3,777094155","3,700841259","40,92644772"
Básico,E-mail,36-50,"10,61407994","6,235101854","54,07546915",Sim,"8,10095651","2,029645228","50,51051646"
Intermediário,Telefone,26-35,"11,45332019","6,084613561","48,22946884",Sim,"6,287665405","3,604201032","45,36370556"
Básico,Chat,51+,"11,72476435","5,733939439","40,17677018",Sim,"6,596863823","1,246743391","48,89786391"
Intermediário,Presencial,36-50,"5,440393622","8,073835349","64,92403295",Sim,"9,832907749","3,572419468","64,02019534"
Premium,Presencial,36-50,"10,56176307","7,659838738","53,44696705",Sim,"1,21433211","3,563353981","47,68898392"
Básico,Chat,51+,"8,71796027","7,149541237","47,76646989",Sim,"5,952647578","4,811817233","44,77518658"
Básico,Presencial,36-50,"10,79813674",10,"78,83997304",Sim,"6,108041285","2,988977731","61,95881587"
Premium,Telefone,51+,"9,936283287","6,529569951","57,57077251",Sim,"8,066289577","3,635093996","53,58895223"
Básico,E-mail,26-35,"8,369339623","5,841138392","47,64639954",Não,"4,551207341","3,273015511","36,88000104"
Intermediário,Chat,36-50,"5,315051201","5,776133274","50,33617271",Sim,"5,648340956","2,326810868","53,08648784"
Básico,E-mail,18-25,"6,122703388","6,334140588","59,97570257",Sim,"5,268855604","2,472424977","58,13958895"
Premium,E-mail,18-25,"1,510031055","6,304500112","53,1831252",Sim,"7,122468215","1,870142458","60,943762"
Premium,Presencial,51+,"11,11199261","5,238289439","39,41540241",Sim,"6,449520939","3,580104722","56,75536864"
Básico,Telefone,26-35,"9,374979197","7,129794316","59,62009022",Sim,"7,422006719","3,25525231","43,60371682"
Premium,Presencial,36-50,"12,56494818","6,096782395","49,78286301",Sim,"5,402873424","2,224812086","49,44470999"
Intermediário,Chat,18-25,"11,1133028","7,318180256","68,56761138",Sim,"5,911080296","1,894977329","49,84875419"
Básico,Chat,36-50,"7,348441542","6,687960544","49,48226558",Não,"6,191969646","2,138296231","42,93112004"
Premium,Telefone,51+,"7,668296996","6,680423196","55,26875148",Não,"6,023811955","2,578033472","47,60283965"
Intermediário,Telefone,18-25,"4,798236154","7,958676632","62,17942258",Sim,"4,046674835","0,6409981356","60,10602027"
Intermediário,Chat,26-35,"6,907717699","7,645284302","53,29623068",Sim,"9,989263945","3,02647175","52,04418387"
Básico,Presencial,36-50,"19,78332886","6,257202196","51,54100709",Sim,"9,104831863","3,905004415","32,72958034"
Premium,E-mail,51+,"12,68889616","8,830846038","70,39100825",Não,"6,224321295","3,032878489","55,21596825"
Básico,E-mail,18-25,"5,050884574","5,671832658","40,76882072",Sim,"6,600080608","4,124533578","46,05319508"
Básico,E-mail,36-50,"1,150038439","7,237152062","60,76584507",Não,"5,062147404","2,667656081","51,92224945"
Intermediário,Presencial,18-25,"7,553768265","4,324138578","34,24225013",Sim,"7,124640822","3,14612727","44,81954394"
Básico,Chat,26-35,"11,94641288","8,849837571","63,10687287",Sim,"3,6258716","2,366787223","38,46996167"
Intermediário,Chat,18-25,"11,13964953","8,277700903","63,60219391",Sim,"7,511572937","1,271903262","50,84046087"
Básico,E-mail,51+,"7,512187447","8,448952653","72,3586102",Sim,"2,476322334","3,31876954","51,58848707"
Básico,Presencial,36-50,"7,269086037","7,53073573","60,71817597",Sim,"4,426900742","3,517510387","47,62464587"
Básico,Telefone,18-25,"11,12170695","6,038616157","43,95593397",Sim,10,"3,373065095","43,12631174"
Intermediário,E-mail,36-50,"12,17658167","8,276602352","62,95222532",Sim,"6,34391164","1,637277617","44,26972234"
Básico,Telefone,26-35,"21,64782855","6,910907369","58,93387268",Sim,"5,983301473","2,384031901","44,22625946"
Básico,E-mail,36-50,"9,203197283","8,30432194","62,64722842",Não,"6,266098678","1,951768452","46,4065744"
Intermediário,E-mail,18-25,"8,881945934","8,18842703","66,77590364",Sim,"5,460729116","2,231129599","55,36210116"
Básico,E-mail,51+,"11,65376227","6,211290667","46,37735398",Sim,"8,397527805","2,772055133","51,78682697"
Básico,Presencial,18-25,"7,402715874","5,67685219","55,72500158",Sim,"6,025020542","2,312526153","46,65937062"
Básico,Presencial,36-50,"13,69387964","5,654949159","47,99282897",Sim,"7,930540603","3,760748765","36,73195832"
Intermediário,Chat,18-25,"4,836161011","4,439982005","37,05147778",Sim,10,"2,683872417","56,0581933"
Básico,Presencial,18-25,"10,55957458","9,157036044","76,12184131",Sim,"9,605562905","2,285615918","61,231206"
Básico,Telefone,36-50,"2,252525798","5,130281148","38,17665088",Não,"5,564460848","2,291596543","46,64261625"
Intermediário,Presencial,51+,"12,26695957","9,22008169","77,51575964",Sim,"6,409654549","3,781813804","56,63874795"
Básico,Telefone,18-25,"9,103987232","8,089704479","63,82362623",Sim,"8,097031422","2,263127912","55,05810999"
Premium,Presencial,18-25,"16,15017867","4,621696066","36,28240793",Sim,"4,907556274","3,110098513","41,92085613"
Intermediário,E-mail,36-50,"5,726724718","5,956047919","49,83516044",Sim,"4,540900099","3,279088738","52,85892818"
Premium,Telefone,51+,"5,166219723",10,"85,95847709",Sim,"7,141552407","2,007549449","60,62028902"
Básico,Chat,26-35,"15,31730332","6,533035373","53,15833715",Sim,"9,290551325","4,306338084","39,24805016"
Premium,Presencial,51+,"10,48153024","4,867922318","48,42800808",Sim,"5,897005501","2,549846836","52,35295969"
Intermediário,Chat,51+,"2,971276201","7,555703635","58,56446946",Não,"6,826600584","3,592053276","53,06876037"
Intermediário,E-mail,36-50,"12,81428639","8,368663466","63,46547214",Sim,"3,160454197","1,162700589","47,91881069"
Premium,Chat,26-35,"6,685029189","8,095465861","62,22523221",Sim,"8,602536207","2,192347861","54,49810501"
Premium,Telefone,18-25,"11,61020357","6,263388755","50,78574472",Sim,"5,351787679","4,438511173","47,08092195"
Intermediário,Telefone,51+,"14,19523852","7,895337226","70,45991694",Não,"7,383797757","2,117835648","50,72792427"
Básico,Presencial,51+,"9,890784575","8,992690571","74,9316308",Sim,"4,556585013","4,440959217","50,56706014"
Básico,Chat,51+,"12,40051948","5,121841104","30,60341298",Sim,"5,230591137","3,193917782","34,32501677"
Básico,E-mail,51+,"16,43276863","7,100368341","58,72818371",Sim,10,"2,520158599","40,44802094"
Intermediário,Telefone,26-35,"7,676979333","6,46201178","60,5061212",Sim,10,"2,984383282","55,12939816"
Básico,Telefone,51+,"6,46586364","5,395861403","45,82111905",Não,"4,942825352","1,902725122","50,89093395"
Intermediário,Telefone,26-35,"12,46366665","4,755494987","40,7396316",Sim,"8,011889589","2,501161447","44,0192412"
Básico,Presencial,18-25,"10,72727494","5,255489719","41,71861357",Não,"4,931967465","3,978887789","39,13173844"
Básico,Presencial,18-25,"10,8737868","6,574434403","45,3058731",Sim,"5,687391716","1,942001079","45,96402341"
Básico,Telefone,18-25,"11,71920285","5,534792493","43,31428806",Sim,"8,257006521","3,502102401","44,1499145"
Premium,Presencial,51+,"10,85156392","4,74536721","39,29723774",Não,"6,223533173","2,545696472","54,28747054"
Premium,Telefone,36-50,"12,12163009","7,719039492","67,55925846",Não,"9,557970155","3,01718591","52,53795407"
Premium,Telefone,18-25,"5,092445555","6,502115911","55,04571783",Sim,"8,708122279","2,053648374","58,66951805"
Básico,E-mail,36-50,"11,74203059","7,542284902","66,41085656",Sim,"3,521757302","3,816420408","50,26559266"
Intermediário,Telefone,18-25,"17,89119459","8,288581739","58,88859356",Sim,"4,936541696","4,041910678","40,75757551"
Premium,Chat,51+,"9,966380959","5,776580026","48,67411072",Não,"4,659939552","3,12028715","46,70299721"
Premium,Presencial,26-35,"8,329428397","7,766760339","61,60631729",Sim,"8,085045858","3,342431002","50,30842522"
Premium,E-mail,18-25,"12,13419793","5,484230992","46,01011401",Sim,"5,114238813","1,755562472","48,86063746"
Intermediário,E-mail,36-50,"15,14507516","5,996104908","46,96709767",Sim,"4,545390219","4,48587971","38,44351751"
Básico,E-mail,36-50,"9,829573403","4,712819482","38,86897834",Sim,"5,947833083","3,108765031","48,37077406"
Básico,Presencial,51+,"12,12558147","8,189941319","68,17854442",Sim,"4,828650666","4,00975233","46,60896426"
Básico,Chat,51+,"8,178274087","4,681817203","30,19354364",Não,"4,970312162","4,795256528","41,43608479"
Premium,Presencial,26-35,"7,376436374","5,619276678","51,20354641",Sim,"8,907022906","1,780574663","63,1564527"
Intermediário,Chat,26-35,"8,105498982","6,298270996","54,73334489",Sim,"4,441322549","1,871867452","52,9173182"
Intermediário,Telefone,26-35,"15,32789042","8,46611312","73,18183447",Sim,"3,110986465","3,792145144","49,6642127"
Premium,E-mail,26-35,"16,18035924","6,431187909","56,9922493",Não,"8,885138496","3,909497299","47,71012212"
Básico,Chat,36-50,"5,473257929","6,223412447","46,06972811",Sim,"9,575549492","1,789722295","54,68458047"
Intermediário,Telefone,51+,"10,74424199","9,088113707","76,23177993",Sim,"9,122665611","2,88506167","58,75834792"
Premium,Telefone,36-50,"11,77070205","5,446080442","42,19554729",Sim,"5,502587685","3,703869507","43,14317805"
Premium,E-mail,51+,"4,331541912","7,325880938","71,3981743",Sim,"8,866263657","3,361527679","64,04792878"
Intermediário,Presencial,36-50,"11,00578818","6,604360687","57,78531595",Não,"5,935882996","2,645436625","46,02543194"
Básico,Chat,18-25,"8,314527295",10,,Sim,"7,125927109","1,975581217","57,88811286"
Básico,Chat,51+,"2,798001329","7,360399457","51,88298861",Sim,"4,377449602","4,840750932","50,36146301"
Premium,Telefone,26-35,"12,89449332",10,"74,9974605",Não,"8,010146911","0,5540861327","52,67866753"
Premium,Telefone,51+,"7,894607685","6,563193573","49,18035077",Sim,"3,56538467","1,782894833","51,29846816"
Básico,E-mail,26-35,"3,996648703","5,302595847","52,76901428",Não,"4,150986909","3,709114273","43,56628167"
Intermediário,E-mail,36-50,"18,50941524","5,902242571","47,60227241",Sim,"3,652796561","4,387732442","33,62432632"
Básico,Telefone,36-50,"13,21101474","6,724385051","65,53138528",Sim,"9,023330599","3,719143878","47,44844976"
Básico,Chat,26-35,"14,68271382","7,426159654","62,04771439",Sim,"2,978375229","3,731668491","45,78409389"
Básico,Presencial,51+,"10,59909892","5,525612452","49,62055599",Não,"7,487447085","2,606302022","45,01359843"
Básico,Presencial,36-50,"0,4001843256","6,193557261","49,1202532",Sim,"8,359137679","3,114099115","63,08829728"
Básico,Telefone,26-35,"7,424500989","5,650857466","39,97200033",Sim,"9,387024485","4,817378734","54,06836344"
Básico,Presencial,26-35,"4,129026288","7,538107982","49,30590665",Sim,10,"4,438667433","45,83176906"
Básico,Chat,36-50,"8,07262048","7,274082107","69,66611537",Sim,"3,692242391","4,203306176","50,70687617"
Premium,Presencial,26-35,"11,10436515","4,98186974","33,63785061",Sim,"8,558576919","2,624002994","49,41882936"
Premium,Telefone,18-25,"12,1157361","5,771366036","48,41547837",Não,"3,684082841","0,8625493197","53,91752146"
Intermediário,E-mail,18-25,"10,27903846","5,709597148","47,38552976",Sim,"6,392848761","1,477695234","42,68560163"
Básico,E-mail,51+,"4,290179354","6,980372451","55,66902566",Sim,"8,411352202","5,025615149","56,82172948"
Básico,Presencial,18-25,"12,31695266","6,953390359","55,7287218",Sim,"5,383437916","2,576914087","45,50705382"
Intermediário,Presencial,18-25,"6,957682054","9,010499403","62,19879173",Sim,"6,750852632","2,820249027","51,41514223"
Intermediário,Chat,36-50,"1,572497552","8,676161404","60,09149348",Sim,10,"3,062880075","61,74135753"
Básico,Chat,36-50,"4,415263785","6,484794075","55,81280378",Sim,"6,826073631","1,849827271","63,41090092"
Intermediário,E-mail,51+,"13,164022","6,781202072","47,00564697",Sim,"5,053067258","2,862756779","43,08348711"
Básico,Telefone,26-35,"11,15958814","6,505747778","49,33963672",Sim,"7,661909862","2,580496337","42,08148971"
Intermediário,Chat,18-25,"6,844536116","6,803062658","48,58503264",Sim,"4,880574027","3,762509481","46,2888707"
Básico,Chat,36-50,0,"6,837584283","61,77840432",Sim,"6,169704466","3,016731941","63,22699431"
Básico,Chat,51+,"12,40258605","8,214666316","70,99389855",Sim,"8,172324718","1,766313129","54,21406152"
Básico,Telefone,36-50,"12,27035369","6,664432579","44,26160374",Sim,"4,832213511","2,579450604","40,45702232"
Intermediário,Chat,51+,"9,263672951","5,950031184","50,20344476",Não,"9,332678547","1,900456644","47,93385355"
Intermediário,Telefone,51+,"6,982489637","8,297064217","63,79489901",Sim,"8,634824684","3,912291636","52,81693807"
Básico,E-mail,36-50,"4,303279015","6,328544312","44,32682628",Sim,"6,2538027","2,875792577","53,85200942"
Básico,E-mail,36-50,"7,699565666","6,851482425","48,88089417",Sim,"7,988486321","3,898576296","50,3275156"
Intermediário,Presencial,36-50,"8,507188749","7,200466388","57,85834192",Sim,"9,155991241","3,171946144","52,7947987"
Premium,E-mail,51+,"6,260918864","8,543995161","68,25697709",Não,"3,720106264","2,684718914","49,48388821"
Básico,Chat,26-35,"5,768182586","6,822034575","47,33088844",Sim,"7,752789284","0,8622403956","56,7209902"
Premium,Chat,18-25,"14,26831869",,"58,9920288",Sim,"3,757058096","3,732749887","48,71929894"
Básico,Presencial,18-25,"7,893369361","7,523017094","61,94639522",Não,"5,634527948","3,049304161","45,97684397"
Básico,E-mail,36-50,"11,37700862","5,835305892","46,1849414",Sim,"9,499812122","2,817359546","47,48108493"
Intermediário,E-mail,26-35,"11,03722457","6,956774093","57,30467775",Sim,"7,891299255","2,746837531","51,79180499"
Intermediário,Presencial,51+,"11,75632309","7,924796425","60,46904654",Sim,10,"3,062773493","53,89056615"
Intermediário,Presencial,26-35,"8,033462952","7,036934048","53,54625855",Sim,"7,73049979","3,769563332","57,05352945"
Premium,Presencial,26-35,"12,29299941","6,192831517","42,68692818",Sim,"8,398692047","3,319151006","37,96078102"
Básico,Telefone,26-35,"10,5744168","5,417563713","52,67654715",Sim,"1,460791719","1,592569007","47,69071707"
Intermediário,Chat,51+,"14,81551437","6,932410121","64,66698078",Sim,"3,725897279","3,398792988","46,01684627"
Básico,Presencial,26-35,"10,57205737","8,348493379","63,08913269",Sim,"7,0554002","3,800758829","51,95935117"
Intermediário,Presencial,26-35,"7,177460166","8,621595013","67,95201509",Sim,"2,041375633","3,463820474","52,03639496"
Básico,Chat,26-35,"16,50693337","9,020138136","76,0283049",Não,"5,817363472","3,936874202","42,58342682"
Básico,E-mail,26-35,"8,901344639","7,869009495","58,23748842",Sim,"5,251966701","1,171667148","49,96345513"
Intermediário,Chat,51+,"10,74082749","4,901924087","39,6017555",Sim,"7,416813471","2,890261416","45,41075494"
Intermediário,Telefone,26-35,"16,47734918","7,770868222","56,36563614",Não,"6,555932443","3,655686898","50,39466528"
Básico,E-mail,36-50,"11,25469731","6,852841264","50,95455783",Sim,"8,389880014","3,075712265","40,51670436"
Básico,Chat,26-35,"12,75727845","6,462425117","50,45795325",Não,"5,180666458","3,159712241","34,34837999"
Premium,Presencial,51+,"0,3125191154","8,271072268","58,52035779",Sim,"6,676857558","3,610379441","61,7381109"
Premium,Presencial,36-50,"5,086297341","7,181314578","60,4680351",Sim,"3,990518504","3,943562284","54,79659856"
Intermediário,Telefone,51+,"5,96976554","6,215555116","46,1098401",Não,"7,773916207","2,098790682","48,80813286"
Básico,Telefone,36-50,"11,07238975","6,724707067","53,3693165",Sim,"4,078961733","2,306228207","40,74195767"
Intermediário,Chat,51+,"12,52830437","6,283511087","39,72095283",Sim,"7,952047502","2,408101944","45,52117262"
Intermediário,Chat,18-25,"4,416681324","7,554758968","60,42086147",Sim,10,"3,738650016","56,89709156"
Intermediário,Telefone,26-35,"13,2281384","5,020822655","48,47672077",Não,"6,42003512","2,939775878","34,88613698"
Básico,Telefone,18-25,"23,8209626","7,639274602","57,22456922",Sim,"7,658177345","3,706948118","34,04281789"
Intermediário,E-mail,51+,"14,10180504","8,43641607","64,68651538",Sim,"8,892297559","2,827281176","42,04191735"
Intermediário,E-mail,36-50,"6,398951385","6,154602693","52,88095741",Sim,"7,489811315","2,167281606","54,14339"
Premium,Telefone,26-35,"5,209366088","5,415077287","45,04323428",Sim,"9,101585301","4,699049874","54,70400114"
Básico,Chat,18-25,"7,45152831","5,604462412","45,26637309",Sim,"4,591367755","4,961892185","38,26650601"
Intermediário,E-mail,18-25,"16,37925321","7,90511249","72,96539526",Sim,"2,827626544","2,987842219","51,70681273"
Premium,Chat,36-50,"9,536677997","5,451109173","46,67412932",Não,"7,597225199","1,724657711","50,2107273"
Intermediário,E-mail,18-25,"8,709802979","8,685142051","63,72959344",Sim,"6,228038627","4,58441604","49,0622148"
Básico,Telefone,51+,"14,29053713","4,068785725","31,97634536",Sim,"5,621256528","2,919861899","42,26755757"
Intermediário,Presencial,26-35,"16,87926986","5,933485816","48,95086588",Sim,"6,85994701","3,476603243","42,06693519"
Intermediário,Chat,26-35,"6,956853351","5,399258307","32,53526737",Sim,"4,362336614","1,529450486","41,97412297"
Premium,E-mail,36-50,"11,17442855","6,983556455","48,48566767",Não,"4,225099912","4,73189251","45,47157865"
Intermediário,E-mail,51+,"7,565630463","5,59466658","46,97422602",Sim,"8,695000817","4,689061484","52,28316938"
Premium,Presencial,51+,"6,035223537","8,105842939","74,53329751",Sim,"8,779566532","3,169805098","59,39426115"
Intermediário,Chat,51+,"14,13553241","9,362396931","70,80341444",Sim,"6,087582715","2,403226516","51,3216684"
Intermediário,E-mail,18-25,"8,701212241","7,845188105","64,88394421",Sim,"9,048044013","0,7911292088","59,56152823"
Básico,Chat,26-35,"12,40671697","8,479378353","64,07718068",Sim,"7,88550891","2,619281142","48,25948097"
Intermediário,E-mail,26-35,"6,040227329","6,804118407","61,15994166",Sim,"7,00755891","3,734802354","58,46809486"
Intermediário,Chat,18-25,"11,01861811","4,231416648","28,60516618",Sim,"2,958409396","3,768723668","48,7290459"
Básico,Presencial,18-25,"1,497319741","7,215274094","52,36127334",Sim,"8,778938469","2,384602736","59,78976694"
Intermediário,Presencial,18-25,"5,506743816","9,092321733","70,88682714",Sim,"9,796102018","4,636658956","66,19640994"
Básico,Telefone,18-25,"14,04808456","8,150761757","67,36447833",Sim,"6,904110743","3,554927914","53,28948123"
Intermediário,Telefone,26-35,,"2,22981205","19,05107018",Sim,"6,304615598","3,036951146","42,62071316"
Básico,E-mail,18-25,"9,751610667","5,44492744","51,3086544",Sim,"6,773648458","2,802617645","49,6326756"
Básico,E-mail,51+,"5,320542165","4,449800445","38,07361656",Não,"6,696605746","2,436387661","41,81125186"
Intermediário,Presencial,26-35,"3,467447129","6,42144856","52,1314434",Sim,"3,711626845","2,593797569","54,95911629"
Intermediário,Chat,36-50,,"4,227828483","36,57469274",Não,"4,908287319","3,246850477","40,76973065"
Intermediário,Chat,26-35,"12,04370992","8,852981694","70,16217639",Sim,"8,937116773","2,949503031","54,31339205"
Premium,Chat,51+,"6,092303298","7,541277362","55,83845266",Não,"6,332280066","4,534387641","48,28404944"
Básico,Presencial,51+,"10,54461313","9,090553394","75,53438275",Não,"5,902832059","2,972088577","45,56915365"
Básico,Chat,36-50,"16,17766715","7,25113558","58,2682518",Sim,"7,837435311","2,269685436","42,98077259"
Intermediário,Chat,26-35,"9,149482439","5,991159616","53,11466587",Sim,"8,991911622","1,083649307","57,15668973"
Básico,Telefone,26-35,"9,64606231","7,919050423","62,35027707",Sim,"4,857357667","4,185032719","43,19760581"
Intermediário,Presencial,18-25,"9,618626511","6,638177731","46,85970947",Não,"6,625855798","2,710238564","39,55319746"
Básico,Telefone,26-35,"10,78597015","7,273836107","57,3071925",Não,"5,301505946","1,595237627","38,75384236"
Premium,E-mail,26-35,"12,48409633","5,121568359","39,18681237",Sim,"7,049163118","2,120567325","41,15863236"
Básico,Presencial,26-35,"7,412943988","5,168703911","49,41636239",Sim,"9,513679657","5,542988009","52,7258179"
Básico,E-mail,18-25,"12,88959663","5,702669866","41,59297893",Sim,"8,965321482","1,714664767","48,7192119"
Intermediário,Chat,26-35,"6,893471547","8,690706536","63,82318034",Sim,"7,015811041","3,29220366","53,97515457"
Intermediário,Chat,26-35,"10,60429957",10,"87,30777236",Sim,"6,26211272","1,157331704","58,97238078"
Básico,Presencial,26-35,"12,90324706","6,466180574","55,35426189",Sim,"5,385647599","2,758977406","48,35099954"
Intermediário,E-mail,36-50,"5,516090867","8,606518405","72,77167363",Sim,"2,569860302","3,32073936","53,41302573"
Básico,Telefone,18-25,"11,13737302","2,581256434","26,06333752",Sim,"4,426434167","2,757878675","43,68743279"
Intermediário,E-mail,36-50,"11,47386996","6,06742137","46,44740515",Sim,"6,88942885","3,008019638","48,57962107"
Básico,Chat,18-25,"9,201790544","6,412535198","46,17810171",Sim,"3,612296466","2,764670784","36,5677877"
Intermediário,Presencial,18-25,"8,090310211","6,70592728","53,73616036",Não,"7,412230061","3,917778055","47,85668844"
Intermediário,Presencial,18-25,"7,16500031","7,665761735","55,08614166",Sim,"7,482140624","2,923233344","49,44319993"
Premium,Telefone,36-50,"14,959167","5,886718638","43,29540009",Não,"4,921861897","4,611966124","34,48623576"
Premium,E-mail,51+,"5,07473477","4,831845933","33,22759582",Não,"6,980411922","3,739729829","49,60316688"
Intermediário,Chat,18-25,"12,09774589","8,470549129","73,66760378",Sim,"7,733274221","2,901368122","55,82562307"
Premium,Chat,36-50,"9,513919012","7,146219146","66,93424012",Sim,"4,194807363","4,102826358","59,5987995"
Intermediário,E-mail,26-35,"5,171169869","4,810875393","42,58900784",Sim,"2,61660699","3,037157178","56,71915564"
Básico,Presencial,36-50,"6,55452602","6,916110924","46,43081023",Sim,"7,86500199","3,327593448","50,05599414"
Básico,Telefone,51+,"6,251862881","5,563860605","40,2795858",Sim,"8,909355765","2,734424051","44,61846523"
Básico,E-mail,51+,"11,80594116","9,487939036","81,76537211",Sim,10,"0,5","60,59849024"
Básico,Telefone,36-50,"8,896528304","9,01178702","66,49920624",Sim,"7,409054314","2,507335057","51,2987125"
Básico,Chat,51+,"14,82095881","2,239013257","13,54060869",Sim,"3,452005866","1,51147097","29,88443884"
Premium,Telefone,51+,"9,93493917","9,358161622","76,3642349",Sim,"4,308919477","3,01994494","55,97998922"
Premium,Telefone,36-50,"7,97083091","5,76949296","54,59249594",Sim,"5,569892295","3,133561766","52,92409429"
Intermediário,Presencial,18-25,"7,842754813","6,939655476","47,32524358",Sim,"8,132530534","3,407954121","45,36579063"
Básico,Presencial,36-50,"6,482789453","6,820752936","61,64169023",Sim,"7,143460425","3,26903794","49,51242155"
Intermediário,Telefone,18-25,"9,752839921","6,991333935","55,70635762",Não,"6,131196444","5,208878772","42,68975616"
Básico,Presencial,36-50,"6,639528607","8,320930596","67,32880501",Não,"4,630721927","3,022831252","41,7390076"
Intermediário,Presencial,26-35,"9,785460986","4,787308308","45,02883095",Não,"7,950421031","3,693324477","36,72198648"
Intermediário,Telefone,51+,"11,63819516","9,368997257","78,54195058",Sim,"8,265304891","3,067835886","58,94304499"
Intermediário,Telefone,36-50,"2,832659253","8,500547435","64,7958801",Sim,"8,458173838","4,831868464","56,61849388"
Intermediário,Chat,26-35,"8,240592615",10,"76,87175332",Sim,"3,802316072","3,735119266","53,7808313"
Básico,Presencial,18-25,"11,24417401","8,307390452","76,12204107",Sim,"8,266558095","4,117296535","60,06043334"
Básico,Presencial,18-25,"9,883482668","7,172008625","50,90205486",Sim,"3,961169771","0,9791117314","42,18443733"
Premium,Presencial,36-50,"5,157554621","8,99870128","72,57240928",Sim,"7,341342053","3,531189734","69,04962056"
Básico,E-mail,36-50,"11,61256695","8,322003179",,Sim,"8,847967536","2,194885556","54,52043883"
Intermediário,Chat,18-25,"9,868823553","7,651244942","59,00162763",Não,"5,188584332","3,919868325","43,91812151"
Básico,Chat,18-25,"14,30749686","4,805615139","37,09387377",Sim,"8,294612084","2,852871015","46,37309784"
Premium,Presencial,26-35,"11,51785384","8,018189819","60,60425608",Sim,"5,684171321","3,683649964","50,03186747"
Básico,Presencial,36-50,"6,532577466","4,576696376","41,08448375",Sim,"7,127520442","3,438102336","44,6393761"
Básico,Chat,36-50,"12,76561597","8,085967244","65,06365948",Sim,10,"1,025318226","48,26747034"
Básico,Telefone,51+,"8,478357898","7,944520503","62,34932933",Sim,"6,345754119","2,05693464","49,99055622"
Básico,Telefone,51+,"12,26416948","7,018962629","52,98276711",Sim,"4,961199244","2,470659504","38,02927653"
Premium,Presencial,18-25,"15,67901204","5,332999892","49,07050162",Sim,"5,678109224","3,81581995","43,43462254"
Premium,E-mail,26-35,"8,753184567","5,819716036","48,88534567",Não,"5,688435699","2,630025373","49,87958829"
Intermediário,Chat,26-35,"12,80790742","9,518927352",,Sim,"8,032211473","2,808263521","43,6830057"
Intermediário,Presencial,18-25,"3,1369766","5,885794504","53,35816464",Sim,"4,120981526","3,333348075","57,3354436"
Intermediário,E-mail,26-35,0,"8,206264346","64,56585918",Sim,"5,239268476","2,916962856","59,74863845"
Básico,E-mail,18-25,"2,835414071","5,827965999","45,38332992",Sim,"8,120450732","1,872403695","52,20807817"
Intermediário,Chat,51+,"10,4803849","6,844080808","48,28077545",Sim,"6,758482426","4,790364954","40,0944693"
Premium,Telefone,18-25,0,"7,363279334","60,86482041",Não,10,"2,318738815","60,64912872"
Básico,Telefone,36-50,0,"7,410882259","57,55926352",Não,"6,99216237","2,948634187","51,74244262"
Premium,Chat,18-25,"18,8838872","3,474484959","27,12089524",Sim,"5,143293795","2,547700697","42,87157679"
Básico,Chat,18-25,"11,29759863","8,405355385","81,13407572",Sim,"4,551458392","2,277713429","53,24947452"
Premium,E-mail,36-50,"11,07894256","8,688689603","71,09474594",Sim,"9,023946076","2,42581524","61,00234916"
Básico,Telefone,26-35,"9,758266208","6,03803241","54,43111182",Não,"4,936653633","2,785728248","52,21564333"
Premium,Chat,36-50,"15,14854215","5,239840361","36,98256898",Não,"6,804482511","1,832808358","36,19092386"
Intermediário,Telefone,51+,"9,04568729","6,73451602","61,79639558",Sim,"5,223937841","4,866115801","49,50032318"
Intermediário,Presencial,18-25,"13,02358796","8,617613532","74,26269977",Sim,"8,866994809","2,736214847","56,9792171"
Intermediário,Presencial,26-35,"10,41473268","5,871067226","40,2577757",Sim,"7,8732169","1,606664801","52,5737652"
Básico,Chat,18-25,"7,66400493","7,060633127","66,52521178",Sim,"6,697316366","4,009285837","53,93247061"
Intermediário,E-mail,51+,"6,455101072","5,443657242","44,09436349",Sim,"9,448706013","2,868770994","46,42953868"
Intermediário,Presencial,18-25,"2,906116011","8,259411739","78,16806813",Sim,"3,386288961","2,377867401","60,55563326"
Intermediário,Telefone,36-50,"9,701446253","5,530404051","38,25120249",Sim,"6,238637562","2,42371399","42,57183957"
Básico,E-mail,36-50,"3,669007835","7,938309194","60,11081203",Sim,"3,871895355","2,879627729","51,3509383"
Intermediário,Presencial,51+,"8,092395567","6,984605832","55,38882838",Sim,"6,966332125","1,343093145","54,35996952"
Premium,Chat,18-25,"5,271847315","4,796539962","40,82637762",Sim,"8,248642785","2,886207383","54,15710272"
Intermediário,Presencial,18-25,"10,39787699","7,419952666","58,83048863",Não,"7,219900172","4,912364452","54,7892912"
Básico,Chat,36-50,"15,17888608","6,50114377","49,6622459",Sim,"4,784067453","0,8091793761","43,52601055"
Premium,Presencial,18-25,"13,88177238","9,83010046","80,37776298",Sim,"5,829824667","3,650234873","50,62132647"
Intermediário,Presencial,51+,"6,528501473","6,557736685","57,18488951",Não,"5,392514733","3,321910696","48,45460303"
Intermediário,Presencial,51+,"1,495005725","5,287358051","45,80374542",Não,"5,611841946","5,611952519","45,2522129"
Básico,Presencial,51+,"9,178348392",10,"75,2269021",Sim,"6,087148075","2,439638104","56,40836155"
Básico,Presencial,36-50,"5,573346308","6,269179143","62,23843437",Sim,"7,96029618","2,527919182","57,82128418"
Básico,E-mail,26-35,"7,804304054","9,021241314","68,09146027",Sim,"4,454291736","2,759354128","46,01978753"
Premium,Telefone,36-50,"11,27565606","5,702765377","49,04791076",Não,"5,590553142","2,888429565","47,0896572"
Intermediário,Presencial,51+,"9,659841874","7,297494412","55,05888603",Sim,"9,33957908","2,247268498","51,04039436"
Básico,Chat,51+,"19,06997412","5,843655341","48,71066425",Sim,"8,125353825","3,11728018","37,77488707"
Intermediário,Telefone,18-25,"10,09134102","5,671274098","41,53824035",Não,"8,159278429","5,001070047","42,9951196"
Básico,Chat,26-35,"14,27161723","7,592052918","63,55917367",Não,"9,138336658","3,345479371","44,83255379"
Básico,Presencial,26-35,"5,923048828","7,456708878","62,53193032",Sim,"7,053827804","3,893642249","55,7296045"
Intermediário,Chat,51+,"9,115870882","5,95220487","50,57206812",Não,"8,3712904","2,991756038","45,3195228"
Básico,E-mail,36-50,"13,16652698","7,186338892","59,6556292",Sim,"5,427815018","4,326866572","46,20345394"
Intermediário,Chat,26-35,"12,70769164","6,488547814","48,48624862",Sim,"4,22223105","2,789548322","44,60305933"
Básico,E-mail,18-25,"4,626407393","7,535028637","64,11060726",Sim,"4,597549903","3,024418029","43,90293266"
Básico,Presencial,26-35,"7,536602111","7,271400928","55,15427394",Sim,"4,931690823","2,06712774","49,34789621"
Básico,E-mail,51+,"9,970505198","6,194534604","49,51061351",Sim,"3,355611595","2,875676873","43,01672491"
Básico,Presencial,18-25,"9,330273693","9,22433637","69,74043738",Sim,"8,58068277","2,564077645","52,15065611"
Intermediário,Chat,36-50,"7,823388583","8,148689175","67,50274255",Sim,"5,121562727","3,152865253","54,68571161"
Intermediário,E-mail,51+,"5,194761545","8,775021474","70,1386051",Sim,"2,963724052","3,623380051","50,29708227"
Básico,Presencial,36-50,"15,94851515","6,756926315","51,44667912",Sim,"4,333654735","3,991843172","34,89708256"
Premium,Telefone,26-35,"13,09125222","6,397940331","59,31750418",Sim,"4,169390724","3,21540279","53,09476042"
Intermediário,Telefone,51+,"14,41601752","8,977776087","71,98773855",Sim,"2,673878917","4,852300054","43,23175518"
Intermediário,Presencial,51+,"10,14379924","6,545037363","46,97862688",Sim,"7,360441347","3,131104629","44,19268807"
Intermediário,Chat,36-50,"14,34608655","5,545776631","44,18228736",Sim,"6,962520082","2,670959745","44,7815738"
Básico,Chat,36-50,"11,70924392","8,005729741","63,03114541",Sim,"2,949437766","3,746051977","44,04612445"
Básico,Presencial,26-35,"9,563059212","6,973915374","50,00589914",Sim,"9,719034141","2,437089153","47,16265882"
Básico,E-mail,51+,"7,240399041","5,661765413","40,77251112",Sim,"5,1354839","3,173658303","42,92628184"
Premium,E-mail,18-25,"5,032457559","5,829406296","39,95103197",Sim,"5,508256729","2,745406037","53,48757811"
Básico,E-mail,36-50,"11,21443978","7,339397855","61,36906981",Sim,"5,556261637","1,832686318","52,22253372"
Intermediário,Chat,36-50,"13,93798945","4,948368016","35,41590427",Sim,"1,351712654","3,398107244","39,80323901"
Intermediário,Presencial,51+,"9,011916102","4,988855422","46,16810513",Sim,"7,130886181","2,509977988","48,35361203"
Premium,Chat,18-25,"6,374889157","6,939647952","52,97642823",Não,"6,095620201","2,610857994","44,05924304"
Premium,Telefone,18-25,"13,35469747","9,181151876","65,31538048",Sim,"5,828889422","2,490772243","47,23047789"
Premium,Chat,51+,"5,727452316","9,000848668","70,75246668",Sim,"7,905292887","3,192499955","55,63972771"
Premium,Chat,26-35,"9,200044889","5,231715634","37,84258219",Sim,"7,128669914","1,03277565","53,86458187"
Básico,Telefone,18-25,"9,715841973","6,023784084","48,17491526",Sim,"5,206473806","0,6140916014","51,42767738"
Básico,Chat,26-35,"13,62690311","6,330995756","46,36292933",Sim,"5,865034039","3,793855346","44,40465839"
Intermediário,Chat,26-35,"2,988474906","6,203707674","52,08027866",Sim,"3,309883744","4,384210284","52,57184737"
Básico,Presencial,51+,"12,30730912","8,085307604","67,94160148",Sim,10,"3,363907358","43,52984643"
Intermediário,E-mail,18-25,"6,095919691","5,029483538","40,13033904",Sim,"4,376494638","3,260955537","59,30869468"
Básico,Telefone,51+,"8,641768186",,"46,06629691",Sim,"5,076955036","3,910255509","42,03399173"
Premium,Telefone,18-25,"10,05513107","5,945587626","49,25833198",Sim,"9,775327663","1,956568247","55,00734268"
Premium,Telefone,18-25,"9,969328296","8,734719959","64,13573024",Não,"7,17315947","2,077768621","48,52037027"
Básico,Presencial,51+,"9,438314228","7,431474904","63,17297923",Sim,"3,837411812","2,939991194","46,82222825"
Intermediário,Chat,51+,"6,075831892","7,756379531","64,85617178",Sim,"7,486704488","4,662559359","61,2849172"
Básico,E-mail,51+,"11,42335849","7,353403258","57,49902678",Sim,"5,228542188","3,524535084","51,70815674"
Premium,Presencial,51+,"11,26744062","6,518087635","61,71352906",Não,"6,009232421","3,856449192","41,60558377"
Básico,Chat,18-25,"8,045292201","8,626237761","75,51566503",Sim,"8,314672174","5,268480379","48,30690955"
Intermediário,Chat,51+,"12,31686909",10,"77,65692984",Não,"4,482374405","1,675917986","42,66846343"
Intermediário,Chat,18-25,"15,9519778","6,788921058","51,64907853",Sim,"4,724229904","2,911176768","42,03477141"
Intermediário,Telefone,51+,"11,33493841","6,481941327","52,02269097",Sim,"6,614348019","1,065986908","51,23571601"
Premium,Presencial,18-25,"13,25249037","7,637716222","62,92203857",Sim,"3,914035817","2,409135345","53,09793182"
Intermediário,Chat,36-50,"11,80602285","7,868909491","70,72958255",Sim,"6,44685718","2,130143683","53,43515648"
Premium,Presencial,51+,"13,30433602","6,926327533","56,47314652",Não,"3,386722425","3,767962633","45,45026032"
Básico,Presencial,36-50,"11,8602772","8,738316609","74,70613839",Não,"4,957906863","2,384139483","41,04235995"
Básico,Presencial,51+,"8,959827105","7,410250464","72,10041236",Sim,10,"2,56796618","49,16770591"
Premium,Presencial,36-50,"11,37806722","8,593319937","68,51220127",Sim,"7,634488483","2,891265032","51,82786934"
Intermediário,Telefone,26-35,"12,94098471",10,"81,74426438",Não,"6,194464156","4,010310147","42,25846244"
Premium,E-mail,18-25,"6,683477235","6,2638444","52,58752139",Sim,"4,180879737","4,668445646","54,38187702"
Intermediário,Presencial,26-35,"10,90162298","6,871591642","59,69480565",Sim,"8,089195553","2,634805258","44,5619468"
Básico,E-mail,18-25,"14,77694771","6,292692759","51,38752553",Não,"4,368272939","3,488784838","35,28104394"
Intermediário,Presencial,36-50,"7,413892965","6,170221115","46,55237583",Sim,"5,47341586","1,770588223","46,81111116"
Intermediário,Chat,26-35,"9,937116044","5,669413648","43,03456991",Sim,"4,36818025","1,476579023","47,8013363"
Básico,Presencial,36-50,"9,467815164","6,994732005","57,38029694",Sim,"5,213648425","3,610428344","47,92793796"
Intermediário,Telefone,36-50,"15,27881537","5,182283664","49,27341103",Não,"8,134828096","0,8527894629","40,12334244"
Básico,E-mail,26-35,"6,666118688","4,330792731","37,60482126",Não,"5,241777318","3,731258687","42,60790717"
Básico,Chat,26-35,"10,51089077","6,968614978","61,02975651",Sim,"9,482132954","3,623655921","49,85224918"
Intermediário,Presencial,18-25,"8,953407629","5,667011437","40,51571275",Sim,"6,967699608","3,336365704","50,66526692"
Premium,Chat,36-50,"7,456722258","4,99116044","40,93202167",Sim,"6,484401191","2,949061313","54,39758388"
Básico,E-mail,36-50,"18,69870618","6,243031619","60,52414002",Sim,"3,87016639","3,194685378","39,81568336"
Intermediário,Telefone,51+,,"6,026107466","42,08156513",Não,"7,170771555","2,196352189","42,44742183"
Premium,Chat,26-35,"14,28571051","6,867904824","55,90870018",Sim,"6,313665306","2,015394216","49,42592584"
Premium,Chat,26-35,"12,15445798","4,777688491","41,50516694",Sim,"7,793192428","3,739783656","46,62007183"
Básico,Telefone,51+,"13,70617025","8,451601171","65,09688351",Sim,"4,561336536","2,977477396","33,9722952"
Intermediário,E-mail,18-25,"18,19162424","6,299882135","48,94504023",Sim,"9,862382374","0,5","51,13982286"
Premium,E-mail,26-35,"10,24614397","9,237133571","73,38333315",Sim,"7,214614825","1,388903861","57,50073674"
Premium,Presencial,36-50,"13,69381547","9,88507967","84,17003505",Não,"4,619601717","3,91421013","55,67583752"
Premium,Presencial,26-35,"15,31201603","6,963412917","41,15536609",Sim,"6,619112053","2,994840042","49,31312816"
Intermediário,Telefone,51+,"15,39309681","7,153484214","60,8402397",Sim,"6,697293057","4,565242152","40,16990959"
Premium,E-mail,18-25,"21,15421344",10,"78,58371169",Sim,"7,148884471","2,381489134","51,15322188"
Básico,Presencial,18-25,"11,14901979","5,768268016","47,74863681",Sim,"3,670733625","4,698929618","40,63917003"
Intermediário,Telefone,36-50,"10,23901327","5,055299642","35,7123691",Sim,"8,200563701","2,948166461","51,34306333"
Intermediário,E-mail,36-50,"11,02329952","9,611421136","83,13469781",Não,"4,618212655","1,576469329","50,94600051"
Intermediário,E-mail,36-50,"14,28001671","4,708978588","33,34076355",Sim,"5,462482499","2,617147559","41,26733502"
Premium,E-mail,51+,"13,94024474","6,000208243","49,29204272",Não,"7,549327294","2,3962825","45,22078682"
Básico,Chat,51+,"11,24294201","5,928828418","49,34227116",Sim,"5,654411233","1,210313084","49,81375823"
Premium,Presencial,18-25,"11,86975505","6,043460109","44,51520619",Sim,"6,152195951","2,900010098","39,03600033"
Intermediário,Presencial,36-50,"13,90565141","6,098101989","49,95598554",Sim,"4,802846296","4,474398278","42,90894784"
Premium,Chat,36-50,"3,773871733","9,155454381","75,58917185",Sim,"4,834160642","3,425172166","62,0995775"
Premium,Presencial,18-25,"15,24128227","7,642970031","62,25517179",Sim,"7,709094955","2,687626172","57,45407491"
Básico,Telefone,18-25,"6,29257448","5,314411178","38,96937045",Não,"8,450883739","2,556512001","44,92871445"
Básico,E-mail,18-25,"10,89367231","7,270967347","59,2595826",Sim,"4,188475443","4,177028821","44,58238941"
Premium,Chat,51+,"16,9687589","5,109080722","40,90057598",Sim,"5,072401985","3,586360274","43,2166743"
Básico,E-mail,18-25,"10,93204358","7,4683864","65,43342347",Sim,"5,19958674","2,177187639","49,44739674"
Premium,E-mail,26-35,"7,294799975","5,758458961","44,27350463",Sim,"3,099365208","3,732863996","49,67095632"
Básico,Presencial,51+,"8,353029835","5,938522647","44,07653213",Não,"6,066783808","3,668450308","39,84605139"
Básico,E-mail,18-25,"9,789045753","3,713518224","29,26263278",Sim,"6,979408422","2,318418096","40,44745005"
Premium,Presencial,51+,"5,949632142","5,674762188","41,10114301",Sim,"6,408186919","2,84109054","55,62547177"
Básico,E-mail,18-25,"9,901193053","4,625267597","42,53821007",Sim,"5,854959022","3,748823223","41,38755537"
Intermediário,Presencial,36-50,"9,672908487",,"41,13696198",Sim,"7,781933717","1,3978441","45,48124019"
Intermediário,Chat,26-35,"9,125559024","7,213665538","58,30179077",Sim,10,"3,170906658","51,86318995"
Básico,Chat,51+,"11,55122423","7,593720769","62,16680313",Não,"1,855229195","1,7702848","43,83126213"
Básico,Chat,26-35,"9,71835391","5,926894956","56,10772209",Sim,"2,988319171","1,78301757","50,11334494"
Premium,Telefone,36-50,"8,118483892","4,665666546","38,79906273",Sim,"7,032474582","3,687777511","50,81588473"
Premium,Chat,18-25,"8,095959623","8,09160637","63,71041224",Sim,"9,464587359","2,604506778","57,09712128"
Intermediário,Presencial,26-35,"7,777761645","7,36618609","56,46074797",Sim,"3,381800767","3,425550607","47,29727159"
Básico,Presencial,51+,"7,767459321","8,498844331","60,46637655",Sim,"6,291939067","3,978035101","51,63432715"
Premium,Telefone,36-50,"7,926900058","6,831465643","39,50490752",Não,"8,970089983","4,196535001","41,87248692"
Básico,Chat,51+,"7,269618522","7,058588533","57,959246",Sim,"8,270707143","1,560304337","50,79670133"
Básico,E-mail,26-35,"6,430315759","6,592164564","49,74251226",Sim,"6,718580481","2,315623284","47,97085475"
Intermediário,Chat,18-25,"11,05971753",10,"83,06490954",Sim,"6,57667528","2,218237645","54,26716668"
Básico,Telefone,26-35,"10,26845789","6,626632592","55,58657545",Sim,"7,727014729","2,687072637","47,5613403"
Intermediário,Telefone,18-25,"15,36458489","5,403131138","44,25363098",Sim,"6,069032225","4,397351625","43,119386"
Básico,E-mail,26-35,"6,040895236","7,952402043","60,3246144",Sim,"9,807045357","2,861378483","57,16474088"
Intermediário,Telefone,18-25,"12,72581872","9,975945413","78,78492948",Sim,"5,384985691","1,198243741","50,19199105"
Intermediário,Telefone,26-35,"7,424118933","4,415900358","25,59752143",Sim,"5,148814294","2,185063901","41,17347005"
Básico,Presencial,18-25,"11,39091125","8,765486389","64,60080219",Não,"8,396291747","3,498918563","43,15861995"
Básico,Chat,26-35,"2,603706548","6,857808547","52,52097081",Não,"7,320903986","1,948786782","51,93153344"
Intermediário,E-mail,51+,"6,736427562","6,652557587","62,82463092",Sim,"9,107593723","2,188805413","58,98332629"
Intermediário,E-mail,26-35,"15,07652992","6,700638462","50,16423819",Sim,"2,261912662","4,535324082","39,68496888"
Básico,E-mail,18-25,"13,54942501","1,568145332","21,4964479",Não,"6,21716101","2,044990056","35,07981586"
Básico,Telefone,36-50,"10,28966178","9,474620156","72,84665231",Sim,"5,689818808","2,17195329","42,24425503"
Intermediário,Chat,51+,"9,638283652","8,602921378","72,8171674",Sim,"5,754268216","3,365593418","58,56132225"
Intermediário,Presencial,51+,"7,899092323","7,40727065","54,54336565",Sim,"8,562005031","3,952715895","55,19007092"
Premium,Chat,51+,"9,627154887","7,782987685","62,19973202",Não,"3,692343434","2,76114897","46,04493388"
Intermediário,Telefone,36-50,"7,193229325","4,237718865","35,69418992",Sim,"6,755120617","3,04492214","50,81506283"
Básico,Chat,18-25,"7,598403005","6,162469722","53,39831331",Sim,"8,780298661","4,304580067","56,59716321"
Premium,Presencial,26-35,"17,04337343","5,964112185","50,91763181",Sim,"7,904293332","2,511070087","48,32165359"
Intermediário,Telefone,18-25,"13,26678723","6,798713694","55,35630359",Sim,"2,856309918","2,392127319","47,43477738"
Intermediário,Presencial,26-35,"20,50540985","7,391573806","46,23950758",Não,"5,472884963","3,339880961","32,10737527"
Básico,E-mail,51+,"13,636928","5,70094225","44,64854629",Sim,"4,543583616","4,38669846","36,35743731"
Premium,E-mail,51+,"9,244337847","8,331193406","72,64008303",Não,"4,648945599","2,140627373","57,81317687"
Intermediário,Telefone,26-35,"11,45933174","7,533956754","53,14915789",Não,"4,765448048","4,293732915","35,99653907"
Intermediário,E-mail,36-50,"10,94669221",,"61,50118645",Sim,"7,931362954","2,795106868","55,18513185"
Básico,E-mail,51+,"15,080657","8,954478982","75,11214835",Sim,"4,411888821","2,702560093","50,11965124"
Premium,Chat,36-50,"8,658791497","6,724110558","49,01639901",Não,"8,09921175","4,075859344","45,41060838"
Básico,Chat,18-25,"17,92328117","6,863956779","61,77842622",Não,"6,556138779","4,348843923","43,75623689"
Básico,Presencial,51+,"7,124101971","5,19342728","41,33580189",Sim,"4,105277397","2,056624727","45,93907246"
Intermediário,Chat,36-50,"9,379225331","6,154420141","52,86076279",Sim,"6,994952399","2,220647481","54,1233503"
Premium,Telefone,36-50,"9,497543961","6,800671994","58,77541413",Não,"8,777214209","2,721218263","49,17612737"
Intermediário,Chat,18-25,"9,123497437","7,501823246","58,3486484",Não,"7,218081626","2,016653191","47,32754298"
Básico,Chat,26-35,"17,11202365","5,248412949","52,31251447",Sim,"8,432094449","1,923500526","42,39504367"
Básico,Presencial,36-50,"7,397243502","8,052605235","63,85866042",Sim,"7,256370826","3,551162852","51,82251846"
Intermediário,Presencial,36-50,"12,28794939","7,892345604","63,60783957",Sim,"6,756299691","3,263411261","44,53019672"
Premium,Chat,36-50,"3,393970552","5,393078579","47,71093508",Não,"2,210574604","3,050891844","48,16627076"
Básico,E-mail,36-50,"5,626227741","6,661104812","49,28889485",Não,"8,515484202","3,05077794","46,53258609"
Premium,Presencial,18-25,"13,28822465","7,897117631","63,55316973",Não,"3,385618213","4,296273823","38,6075416"
Básico,Telefone,51+,"5,911061629",,"61,63956046",Sim,"3,750291782","3,056050964","57,43365384"
Intermediário,E-mail,36-50,"10,10956011","7,582519878","65,42395191",Sim,"7,468189187","3,725841979","55,91221914"
Básico,Chat,36-50,"6,454520809","7,007430206","54,57833051",Sim,"7,338435446","3,157287921","44,8392105"
Básico,Chat,26-35,"8,509661123","5,123285176","38,10044831",Não,"7,158166536","2,518618919","41,68254991"
Básico,Chat,51+,"5,886262317","5,97648945","53,20532544",Sim,"9,865504996","3,360261647","53,05881663"
Básico,Chat,51+,"9,778174991","8,359645623","63,99794822",Sim,"8,41144964","4,273606817","39,40897035"
Básico,Chat,18-25,"10,40308305","8,777895116","67,677059",Não,"5,298835365","2,361329605","46,1481343"
Básico,Presencial,18-25,"8,485392885","4,011767225","25,40249916",Sim,"4,317088294","3,655798661","35,38443026"
Básico,Presencial,26-35,"2,111348867",10,"71,86957212",Sim,"9,560416134","2,056860712","52,3466504"
Básico,Presencial,51+,"8,285188313","7,32617407","60,47338826",Sim,"5,962985959","2,314815015","50,31433874"
Intermediário,Telefone,36-50,"1,738863413","7,128853427","51,85107131",Sim,"6,457837614","3,228734585","53,7458113"
Premium,E-mail,26-35,"6,887120022","8,417736827","64,10665381",Não,"8,938276885","3,497823892","48,3398762"
Básico,Telefone,26-35,"11,64002692","7,576606994","63,19255577",Sim,"5,709459846","4,881851324","47,20724793"
Intermediário,Telefone,36-50,"7,673262347","8,083036174","75,47530904",Não,"5,652995737","2,598406841","53,47360896"
Premium,Chat,26-35,"5,280148236","7,990000858","67,55045276",Sim,"4,961346488","1,700420417","63,20452241"
Básico,Chat,26-35,"13,03568034","6,758117335","62,86180482",Sim,"8,007239302","3,62511323","50,50442257"
Premium,Presencial,36-50,"4,183726059","7,011589122","55,38716841",Sim,"4,78656132","1,567843819","56,46663177"
Intermediário,E-mail,26-35,"5,999294458","8,471772315","69,60236316",Não,"2,19384137","2,68086519","44,43990234"
Premium,E-mail,18-25,"11,36720506","6,920452834","51,61683561",Sim,"4,361107812","3,599951829","52,36830578"
Básico,Presencial,18-25,"2,515247341","6,727596095","58,34397535",Não,"6,264133787","2,28672098","47,76755762"
Básico,E-mail,26-35,"12,36090495","7,135106703","59,29909719",Não,"4,615931863","4,093800199","37,88256356"
Premium,E-mail,51+,"11,15163376","7,273053576","57,64550919",Sim,"7,061745071","1,341918893","50,20832357"
Básico,Presencial,26-35,"12,97403571","7,397920203","54,47683947",Sim,"7,126046143","0,5","52,66518802"
Premium,Presencial,18-25,"14,01810184","6,054272183","52,36681205",Sim,"3,278905968","4,775917215","39,57181697"
Intermediário,E-mail,26-35,"4,795254308","6,982610421","57,34738869",Sim,"5,98352106","3,717353019","58,34616646"
Intermediário,Chat,36-50,"9,42516249","6,245357288","45,21497921",Não,"8,307240403","4,782059063","47,21145057"
Intermediário,Telefone,18-25,"2,541792444","4,444398545","44,22378745",Sim,"7,272566419","3,407497943","57,49154087"
Básico,E-mail,51+,"14,50171839","7,152552316","59,89742078",Sim,"6,712060877","2,996311775","47,00152968"
Intermediário,Chat,36-50,"16,11528832","8,445734571","64,3838641",Sim,"2,925966628","3,354960951","39,50870658"
Premium,E-mail,18-25,"15,37679925","5,921575038","35,20998572",Sim,"6,773735048","2,318989017","40,56169605"
Básico,Telefone,51+,"9,887810939","8,311489701","58,11491499",Sim,"9,280563199","4,372507209","50,2035847"
Intermediário,Presencial,51+,"9,305731835","6,126511295","53,61751582",Sim,"9,006214462","2,51117814","52,42050063"
Básico,Chat,51+,"8,956003712","8,65044714","70,28178301",Sim,"5,565618948","2,670509712","58,69314045"
Básico,Chat,26-35,"13,99403429","6,548808562","55,88332335",Não,"8,321730835","2,173263428","50,54025277"
Básico,E-mail,36-50,"7,526070269","6,00982705","43,08735227",Não,"8,265634594","3,390794278","43,96741195"
Básico,E-mail,36-50,"6,580587474","8,574997217","68,40216387",Sim,"9,3131349","1,751685411","54,95401679"
Intermediário,Telefone,51+,"11,71872531","5,455540072","45,11553633",Sim,"8,135224634","2,819292894","48,6146169"
Básico,E-mail,36-50,"6,570834392","5,339191354","40,8889685",Sim,"3,673324878","0,6625145581","51,31668408"
Intermediário,Telefone,51+,"9,325211916","6,67893996","56,96471203",Sim,"8,018507503","3,249865157","58,0843749"
Básico,Presencial,18-25,"12,79251297","5,580672541","49,12817528",Sim,"2,396022674","3,540546178","39,98370095"
Intermediário,Chat,51+,"17,30216053","8,278084188","64,46603116",Sim,"8,742372661","4,059974636","44,3852895"
Premium,E-mail,36-50,"6,187441179","6,623764379","45,38734261",Sim,"9,067318004","2,274834925","56,44566105"
Premium,Telefone,18-25,"6,407191785","3,78655756","33,83884913",Sim,"6,990833533","1,389022862","55,12613493"
Básico,Chat,36-50,"7,55059804","7,518727996","52,0410539",Sim,"2,614795192","4,674201276","40,96270681"
Intermediário,Chat,26-35,"17,72060148","6,504570258","51,17693687",Sim,"8,635740293","1,254272672","45,56694727"
Básico,Presencial,36-50,"12,41458949","5,942821068","44,09913172",Sim,"8,344120429","4,574797034","40,89367183"
Básico,Telefone,36-50,"11,653519","7,373922803","59,74283045",Sim,"9,091616817","1,928732214","55,29792786"
Premium,Telefone,26-35,"6,644415544","8,414107438","65,48666641",Não,"6,173804853","3,497321834","52,24322287"
Intermediário,Telefone,51+,"4,618528102","8,37845923","74,59260886",Não,"6,398087541","3,076781653","49,73694077"
Básico,E-mail,18-25,"12,22680545","6,797466775","54,3082651",Sim,"9,195697284","2,890893797","55,14221141"
Premium,Telefone,26-35,"17,75369387","8,065224856","64,9118156",Sim,"7,670014037","2,127276221","44,15252189"
Básico,Presencial,36-50,"7,593988417","5,928890179","47,44658231",Sim,"4,331765159","2,342715213","42,7422995"
Básico,Telefone,26-35,"7,610698255","5,168328882","40,52116409",Sim,"7,762863697","2,309631894","49,39011692"
Intermediário,Telefone,36-50,"14,70352658","9,148368105","70,64896717",Sim,"7,344425362","3,61091788","47,40651407"
Premium,E-mail,26-35,"17,43048546","8,961751548","77,37552343",Sim,"7,885626462","3,474311152","48,23042631"
Básico,Chat,26-35,"1,044728108","6,763030812","57,41385404",Sim,"7,547513598","2,63490021","57,93777429"
Intermediário,Chat,51+,"10,02988032","8,88964321","65,68341815",Não,"7,540674051","3,252849312","45,68457144"
Básico,Chat,26-35,"10,15918897","7,74582139","66,16969313",Não,"7,987481148","3,44223339","39,8938327"
Premium,E-mail,51+,"12,47253524","9,28385521","74,14542552",Não,"5,914564144","2,678820094","51,19521637"
Básico,E-mail,26-35,"12,20802864","6,945112405","56,32544815",Sim,"9,376269635","2,601564447","53,58990528"
Básico,Presencial,36-50,"8,535376197","7,397490293","48,91930423",Não,"4,704964649","4,361344894","41,9776858"
Intermediário,Presencial,51+,"16,69493937","7,249969496","54,74362365",Sim,"7,543165707","0,8001807289","49,77944706"
Premium,Chat,18-25,"4,110182506","7,356127858","62,68893404",Sim,"2,47346487","3,22456259","59,97391732"
Intermediário,E-mail,18-25,"9,584956591","8,888065776","68,44400246",Sim,"6,65143562","4,680054946","51,58523525"
Intermediário,Presencial,18-25,"9,17219386","4,26664275","35,10839771",Sim,"6,410931529","2,424829018","46,46958169"
Intermediário,Telefone,18-25,"1,670830414","9,594511318","79,42068142",Sim,"5,4700371","2,230520558","58,17643926"
Premium,E-mail,36-50,"24,18184245","5,106376395","32,85829687",Sim,"3,359249449","3,706635317","27,27768601"
Básico,Presencial,36-50,"14,57421438","6,29652963","42,43817276",Sim,"2,608277338","4,084973498","36,36320103"
Intermediário,Telefone,26-35,"14,13169712","6,939033927","47,32005302",Sim,"6,217231739","2,275445811","36,38702897"
Premium,E-mail,51+,"10,2816869","5,582516956","41,00541989",Sim,"2,915223519","4,069372525","45,61504572"
Intermediário,E-mail,18-25,"12,20444401","8,46835795","72,11979283",Sim,"6,280057915","1,964802424","51,09456892"
Premium,Chat,26-35,"7,019740894","7,45950614","63,58207839",Não,"4,479497901","2,404808689","59,7872138"
Intermediário,Chat,18-25,"4,822517724","6,513918002","47,59560462",Não,"8,527675818","3,685919337","52,97004619"
Intermediário,Chat,18-25,"15,29533803","6,095324016","56,84790176",Não,"8,026043603","3,685369919","40,89565949"
Intermediário,Presencial,51+,"12,77794033","7,269650439","65,01056218",Sim,"5,374181116","3,490891331","51,26566201"
Intermediário,Telefone,26-35,"10,56379366","7,262910506","62,88119458",Sim,"8,400173759","2,027912513","47,59163218"
Básico,Telefone,18-25,"10,46304333","8,810034302","75,92268454",Sim,10,"3,954920701","48,71505174"
Intermediário,E-mail,26-35,"8,843854925",10,"79,56940576",Sim,"7,950678209","3,364909867","59,46522375"
Intermediário,Telefone,18-25,"13,07933963","8,809635001","67,5038762",Sim,"7,413622473","4,669234435","48,3566879"
Intermediário,E-mail,18-25,"10,54540308","9,393163855","78,89289692",Sim,"5,194452613","2,419037954","51,0577068"
Básico,Chat,51+,"8,950912251","3,551455566","30,39605279",Sim,"4,797436564","4,901705102","42,51663911"
Básico,Chat,26-35,"12,32498024","6,892669475","63,11635761",Sim,"6,294077157","3,123072225","49,98090696"
Premium,Telefone,26-35,"8,233602515","6,691269421","47,8744793",Não,"8,022022102","5,117806592","45,80001041"
Intermediário,Chat,26-35,"10,92692602","8,94094933","78,3523325",Sim,"4,663646071","2,110501049","56,84505935"
Básico,E-mail,51+,"12,73316548","8,699847332","63,96127731",Sim,"4,856762407","2,327336281","42,64803994"
Premium,E-mail,51+,"10,77976109","7,409199878","58,49424547",Sim,"5,498896013","3,147354258","49,77337316"
Básico,Telefone,36-50,"3,741212636","4,208341952","23,01537167",Sim,"5,124342715","2,573180057","41,59635131"
Intermediário,Presencial,18-25,"9,717330822","8,112843289","65,13278244",Não,"6,230722074","2,460699702","46,85008874"
Premium,Chat,18-25,"9,936865104","6,52171842","53,81437242",Sim,"4,148423381","4,477178987","51,39562649"
Intermediário,Telefone,18-25,"8,257385271","8,129266391","68,0271718",Sim,"3,479659608","2,098616471","54,88369634"
Básico,Presencial,51+,"11,27430871","4,913127678","43,04590122",Sim,"9,404871499","4,749716637","35,4318852"
Básico,Telefone,26-35,"12,83873051","6,051786688","46,22313292",Sim,"7,672824106","3,070486119","43,45523802"
Intermediário,Telefone,51+,"14,36940706","6,48442951","44,70135946",Não,"7,199424124","2,939576166","39,76218359"
Intermediário,Chat,18-25,"8,746935343","6,881216541","62,62241081",Sim,"3,259328123","1,793082218","55,6678976"
Premium,Chat,26-35,"8,583221049","5,402210566","44,76984497",Sim,"0,9026036606","3,091147135","56,41913029"
Básico,Presencial,51+,"6,040015446","3,841666004","28,78277014",Sim,"8,404402525","2,191314501","49,01415315"
Básico,Presencial,26-35,"13,81323574","5,833123636","43,14773371",Sim,"7,875828255","5,407349035","31,7230589"
Básico,E-mail,51+,"11,13575798","6,200837577","53,0399809",Sim,"7,600506669","2,435104817","47,81231811"
Básico,Telefone,51+,"6,643009877","6,257530144","49,5339025",Sim,"7,951026231","3,319730699","43,54481191"
Básico,Chat,36-50,"13,33374418","8,396770925","71,45277735",Não,"8,279484411","3,098432392","52,7240105"
Básico,Presencial,18-25,"6,951092411","6,359018882","46,82897666",Sim,"6,602112898","3,514531485","55,37516931"
Intermediário,Presencial,18-25,"11,99388282","6,462811673","47,67553916",Não,"3,325136559","1,898964935","43,58805131"
Básico,Presencial,36-50,"15,95425983","5,689466859","45,6358365",Sim,"6,201818687","1,405090063","38,33480798"
Básico,E-mail,36-50,"9,585653339","7,867752515","67,16951021",Sim,"9,686894124","4,117219657","49,56395256"
Básico,E-mail,36-50,"13,57890467","5,495634079","37,26369385",Não,"5,33389593","3,645216626","38,19957245"
Básico,E-mail,51+,"7,917618617","7,734877423","60,06210942",Sim,"4,348587618","4,740460427","42,65122079"
Intermediário,E-mail,26-35,"13,59867241","8,574961777","70,07824435",Sim,"2,715385614","3,59186873","48,31134984"
Intermediário,Chat,26-35,"10,95645123","8,416390051","64,53402777",Sim,"7,146683967","3,927674864","50,38302431"
Básico,Presencial,26-35,"6,549870138","6,106306838","48,19094329",Sim,"7,935098713","4,640846247","53,75886629"
Premium,Chat,18-25,"9,194062908","8,624952408","68,96134468",Sim,"8,284784059","3,84652918","53,36466038"
Intermediário,Chat,51+,"14,56225331","3,978072444","28,00493756",Sim,"7,700853996","3,490144732","37,4313508"
Básico,E-mail,18-25,"6,913503866","7,340274575","59,83948853",Sim,"8,510323432","2,066031099","57,45251844"
Básico,E-mail,51+,"9,109103123","9,920407447","85,81988824",Sim,"9,131808721","3,144486316","53,92394294"
Premium,Telefone,26-35,"6,922264928","8,00894527","68,81788367",Sim,"5,571158987","3,618287847","57,46264998"
Básico,E-mail,51+,"11,49998581","7,210481735","62,5861543",Sim,"4,906579819","3,451783959","48,32436951"
Básico,E-mail,18-25,"11,91131743","6,236009435","45,12627581",Sim,"8,068447468","2,347006464","40,87226858"
Intermediário,Telefone,18-25,"10,24869655","6,949404229","49,36989638",Sim,10,"1,865957139","45,81430519"
Básico,Presencial,18-25,"8,554250554",10,"82,09567538",Sim,"6,690936808","3,697844622","59,95025415"
Intermediário,Chat,26-35,"2,413254796","8,567911679","74,25487039",Sim,"8,28666542","2,941504002","62,27057427"
Básico,Telefone,36-50,"9,046189591","8,315263645","71,33016951",Sim,"8,482288054","3,127240919","53,708576"
Premium,E-mail,36-50,"14,60196418","9,183840379","75,89706187",Não,"5,574825492","3,66192585","54,90954785"
Básico,E-mail,36-50,"7,089686636","4,647635168","43,51432582",Sim,"6,790384676","2,732972027","47,21277198"
Básico,Chat,51+,"17,76869969","6,64904017","56,07595897",Não,"7,374494493","4,114161246","41,4829525"
Intermediário,Telefone,18-25,"12,52193004","5,309470151","33,55972622",Não,"7,899235089","2,396458099","32,25863202"
Intermediário,E-mail,51+,"9,048769497","6,544043198","45,65330779",Sim,"5,629521431","2,830726925","47,71602565"
Intermediário,E-mail,18-25,"16,12874926","6,391950123","54,47682586",Sim,"4,062042633","4,661924638","37,85842025"
Intermediário,E-mail,18-25,"15,173579","8,522775066","66,54238858",Sim,"7,841031274","3,266312672","42,41186393"
Básico,Telefone,51+,"8,81001243","7,039039031","49,73106844",Sim,"3,485798261","3,011276684","45,70481975"
Premium,Chat,51+,"12,46350881","5,275464207","46,21357467",Não,"5,554714794","2,253439345","49,76216323"
Intermediário,Presencial,26-35,"14,57031565","5,189526429","50,9060147",Sim,"8,52581748","1,762833991","50,2987976"
Básico,Chat,36-50,"6,535464766","5,337841285","45,35361456",Sim,"5,533559135","3,235140039","45,32902568"
Básico,Chat,51+,"11,26040981","6,115831549","40,02217289",Sim,"6,897497975","3,218461676","37,58703535"
Intermediário,Telefone,36-50,"9,761878392","8,583452633","70,47516111",Sim,"4,791052133","4,499804535","44,72405865"
Intermediário,E-mail,26-35,"6,362095085","6,443922199","46,88979252",Sim,"7,072730897","2,607829733","53,0460369"
Básico,Presencial,51+,"17,90775824","7,236270349","57,35418178",Sim,"7,967199053","3,252055656","40,41964437"
Intermediário,Telefone,36-50,"10,43179523","5,517517313","51,54359514",Sim,"8,792778031","2,900293735","52,96572724"
Premium,E-mail,36-50,"8,4282839","7,451695373","62,14626929",Não,"7,67589643","4,363573781","57,59822865"
Intermediário,Chat,26-35,"12,80735952","4,792155347","39,85452663",Sim,"6,253955266","2,46658611","47,92042094"
Básico,Telefone,18-25,"14,97507362","7,034545026","58,1751998",Não,"4,742896123","3,401120522","28,8248116"
Premium,E-mail,36-50,"13,28644166","8,952869741","69,24982024",Sim,"5,958433788","4,379187838","47,13272991"
Intermediário,Presencial,26-35,"14,54722113","5,627583745","43,43178109",Sim,"7,938362749","3,774889032","44,27043552"
Intermediário,Presencial,51+,0,"7,315649727","58,38227397",Não,"9,973441677","3,773668904","56,31527878"
Básico,E-mail,26-35,"10,41753398","3,999623858","24,55164375",Não,"7,018601399","2,625899533","34,98429791"
Intermediário,E-mail,18-25,"9,073034982","7,822656292","73,25612047",Sim,"5,458811846","3,488560442","49,59736593"
Intermediário,Telefone,36-50,"7,060722319","8,063171022","64,87420449",Não,"4,200690558","1,91648813","54,91766671"
Básico,Presencial,36-50,"13,84729547","8,517976546","59,19823423",Sim,"5,827470152","3,494734462","41,02334531"
Básico,E-mail,36-50,"8,234656535","7,797616961","63,80422591",Sim,"9,658138675","3,389141235","52,62644247"
Intermediário,Presencial,51+,"6,938669823",10,"85,97364087",Não,"3,580110385","3,606392097","58,24430453"
Básico,Telefone,26-35,"10,25662468","7,359909445","61,29571313",Sim,"4,488161083","3,91696908","40,94238069"
Básico,Chat,36-50,"10,51175478","6,929493763","61,01568689",Sim,"7,127058007","3,878450126","46,52757494"
Intermediário,E-mail,18-25,"16,63646969","6,341738244","51,66587793",Não,"0,2983691053","4,24229832","33,05654854"
Premium,Chat,51+,"6,772171929","6,891866244","54,01216273",Sim,"9,270555239","2,431251797","52,76443206"
Intermediário,Telefone,18-25,"15,02681172","7,778876001","71,31701201",Sim,"5,973492018","2,536467631","45,1566232"
Intermediário,Chat,36-50,"11,35962274","7,868381903","59,51150602",Sim,"6,030424567","3,596099081","45,68971663"
Intermediário,E-mail,36-50,"6,854597976","6,643160296","49,72455636",Sim,"7,633974137","3,858892855","48,23717031"
Intermediário,Presencial,36-50,"12,62261141","3,583425029","31,18444624",Sim,10,"1,863961279","45,96557722"
Intermediário,Chat,26-35,"9,371879558","7,073039598","58,06957988",Não,"4,499228085","2,876701267","44,3379196"
Intermediário,E-mail,51+,"12,69194748","7,956255671","63,31529153",Não,"5,159864911","1,729566499","45,89160572"
Intermediário,E-mail,26-35,"14,97365937","4,61922536","40,69279267",Sim,"7,622616153","2,949802304","49,50970868"
Premium,Chat,51+,"14,25871795","7,312635957","61,31432543",Não,"3,348955402","4,070008356","50,31294226"
Básico,Telefone,26-35,"13,85629912","5,243358741","46,67665853",Sim,"6,420513014","2,974048573","39,8905515"
Intermediário,Presencial,36-50,"5,70721005","6,752812923","54,34620319",Sim,"6,949865571","1,888939562","52,10449975"
Premium,E-mail,51+,"3,677077703","5,924370513","38,67607141",Sim,"6,996398004","1,382635835","55,23744807"
Básico,Telefone,51+,"11,99978748","7,070092032","58,29302983",Sim,"6,607902726","4,998328478","51,09455423"
Básico,Chat,18-25,"4,918454917","7,854320678","63,92637971",Sim,"7,900451449","0,9766786151","60,01941615"
Básico,Chat,26-35,"8,89550764","6,106368124","44,40056446",Sim,"5,745080022","2,306403982","45,93954656"
Básico,E-mail,18-25,"13,01703087","8,463658583","65,2489429",Sim,"6,969807122","2,367347729","44,41680651"
Intermediário,Telefone,18-25,"16,82856894","8,274190465","71,139151",Sim,"8,388883447","2,74883028","56,00707521"
Intermediário,E-mail,26-35,"11,88842632","8,995463038","63,34479755",Não,"7,669468283","3,027841126","40,77813939"
Premium,Presencial,51+,"9,160467414","5,665988513","47,33180947",Sim,"6,930128006","2,5428463","51,27146707"
Intermediário,Telefone,36-50,"14,19226175","5,695049745","42,60095565",Sim,"6,700654407","3,76454302","37,19605903"
Básico,E-mail,36-50,"3,988322547","8,826916546","65,47509916",Sim,10,"4,342738687","55,34132819"
Básico,E-mail,36-50,"7,803766835","6,722679703","50,43977789",Sim,"5,975417527","2,273614729","56,97435772"
Intermediário,E-mail,26-35,"6,315567761","6,732241935","49,75101808",Sim,"6,019823067","3,71432469","54,95738887"
Intermediário,Presencial,36-50,"10,46501574","6,017056958","49,01660856",Sim,"6,97973347","2,91734974","49,51331771"
Básico,Chat,26-35,"7,87010898","6,651231269","51,65220515",Sim,"8,44394371","1,76413214","51,67997287"
Intermediário,Chat,51+,"5,907587127","6,631663225","56,15885095",Sim,"6,483091266","1,500910673","50,31610424"
Básico,E-mail,36-50,"6,253991618","6,25307818","45,0135715",Sim,"6,580321874","1,996641146","50,0669067"
Básico,Presencial,36-50,"8,173517156","6,929138711","55,65750204",Sim,"4,96305931","2,084218767","54,84401219"
Básico,Presencial,36-50,"9,313799256","7,832928338","64,84074129",Sim,"9,285125708","4,78870515","52,42185917"
Intermediário,E-mail,18-25,"13,24851296","8,181123835","67,93263924",Sim,"5,688521257","2,174418935","49,51150566"
Básico,Telefone,36-50,"8,810965038","9,049520801","77,03501988",Sim,"7,128003573","2,357467383","58,46107609"
Intermediário,Presencial,51+,"13,12481421","5,527056095","44,65101091",Não,"8,89871126","4,584095521","39,6150627"
Premium,Telefone,36-50,"16,03682345","7,248273929","54,36453679",Sim,"3,203150785","1,908812102","45,67993717"
Intermediário,Chat,18-25,"9,43248178","9,02726795","75,92082747",Sim,"9,208910411","3,216249292","58,99677999"
Intermediário,E-mail,51+,"12,38164215","5,978571478","49,2845345",Sim,"7,616182885","1,356269948","44,70077572"
Premium,Presencial,36-50,"10,46332168","8,2944781","67,65465996",Sim,"5,994454368","1,519053188","57,46931195"
Intermediário,E-mail,51+,"11,88390975","4,630723998","35,32129366",Sim,"7,778618169","1,31203473","40,20186518"